-- Informazioni sul mondo https://stat.fi/tup/kansainvalista-tilastotietoa_en.html

-- phpMyAdmin SQL Dump
-- version 5.1.1
-- https://www.phpmyadmin.net/
--
-- Host: localhost:8889
-- Creato il: Dic 21, 2022 alle 20:41
-- Versione del server: 5.7.34
-- Versione PHP: 7.4.21

SET SQL_MODE = "NO_AUTO_VALUE_ON_ZERO";
START TRANSACTION;
SET time_zone = "+00:00";


/*!40101 SET @OLD_CHARACTER_SET_CLIENT=@@CHARACTER_SET_CLIENT */;
/*!40101 SET @OLD_CHARACTER_SET_RESULTS=@@CHARACTER_SET_RESULTS */;
/*!40101 SET @OLD_COLLATION_CONNECTION=@@COLLATION_CONNECTION */;
/*!40101 SET NAMES utf8mb4 */;

--
-- Database: `world`
--

-- --------------------------------------------------------

--
-- Struttura della tabella `cities`
--

CREATE TABLE `cities` (
  `id` int(11) NOT NULL,
  `country_code` char(3) NOT NULL DEFAULT '',
  `name` char(35) NOT NULL DEFAULT '',
  `district` char(20) NOT NULL DEFAULT '',
  `population` int(11) NOT NULL DEFAULT '0'
) ENGINE=InnoDB DEFAULT CHARSET=utf8mb4;

--
-- Dump dei dati per la tabella `cities`
--

INSERT INTO `cities` (`id`, `country_code`, `name`, `district`, `population`) VALUES
(1, 'AFG', 'Kabul', 'Kabol', 1780000),
(2, 'AFG', 'Qandahar', 'Qandahar', 237500),
(3, 'AFG', 'Herat', 'Herat', 186800),
(4, 'AFG', 'Mazar-e-Sharif', 'Balkh', 127800),
(5, 'NLD', 'Amsterdam', 'Noord-Holland', 731200),
(6, 'NLD', 'Rotterdam', 'Zuid-Holland', 593321),
(7, 'NLD', 'Haag', 'Zuid-Holland', 440900),
(8, 'NLD', 'Utrecht', 'Utrecht', 234323),
(9, 'NLD', 'Eindhoven', 'Noord-Brabant', 201843),
(10, 'NLD', 'Tilburg', 'Noord-Brabant', 193238),
(11, 'NLD', 'Groningen', 'Groningen', 172701),
(12, 'NLD', 'Breda', 'Noord-Brabant', 160398),
(13, 'NLD', 'Apeldoorn', 'Gelderland', 153491),
(14, 'NLD', 'Nijmegen', 'Gelderland', 152463),
(15, 'NLD', 'Enschede', 'Overijssel', 149544),
(16, 'NLD', 'Haarlem', 'Noord-Holland', 148772),
(17, 'NLD', 'Almere', 'Flevoland', 142465),
(18, 'NLD', 'Arnhem', 'Gelderland', 138020),
(19, 'NLD', 'Zaanstad', 'Noord-Holland', 135621),
(20, 'NLD', '´s-Hertogenbosch', 'Noord-Brabant', 129170),
(21, 'NLD', 'Amersfoort', 'Utrecht', 126270),
(22, 'NLD', 'Maastricht', 'Limburg', 122087),
(23, 'NLD', 'Dordrecht', 'Zuid-Holland', 119811),
(24, 'NLD', 'Leiden', 'Zuid-Holland', 117196),
(25, 'NLD', 'Haarlemmermeer', 'Noord-Holland', 110722),
(26, 'NLD', 'Zoetermeer', 'Zuid-Holland', 110214),
(27, 'NLD', 'Emmen', 'Drenthe', 105853),
(28, 'NLD', 'Zwolle', 'Overijssel', 105819),
(29, 'NLD', 'Ede', 'Gelderland', 101574),
(30, 'NLD', 'Delft', 'Zuid-Holland', 95268),
(31, 'NLD', 'Heerlen', 'Limburg', 95052),
(32, 'NLD', 'Alkmaar', 'Noord-Holland', 92713),
(33, 'ANT', 'Willemstad', 'Curaçao', 2345),
(34, 'ALB', 'Tirana', 'Tirana', 270000),
(35, 'DZA', 'Alger', 'Alger', 2168000),
(36, 'DZA', 'Oran', 'Oran', 609823),
(37, 'DZA', 'Constantine', 'Constantine', 443727),
(38, 'DZA', 'Annaba', 'Annaba', 222518),
(39, 'DZA', 'Batna', 'Batna', 183377),
(40, 'DZA', 'Sétif', 'Sétif', 179055),
(41, 'DZA', 'Sidi Bel Abbès', 'Sidi Bel Abbès', 153106),
(42, 'DZA', 'Skikda', 'Skikda', 128747),
(43, 'DZA', 'Biskra', 'Biskra', 128281),
(44, 'DZA', 'Blida (el-Boulaida)', 'Blida', 127284),
(45, 'DZA', 'Béjaïa', 'Béjaïa', 117162),
(46, 'DZA', 'Mostaganem', 'Mostaganem', 115212),
(47, 'DZA', 'Tébessa', 'Tébessa', 112007),
(48, 'DZA', 'Tlemcen (Tilimsen)', 'Tlemcen', 110242),
(49, 'DZA', 'Béchar', 'Béchar', 107311),
(50, 'DZA', 'Tiaret', 'Tiaret', 100118),
(51, 'DZA', 'Ech-Chleff (el-Asnam)', 'Chlef', 96794),
(52, 'DZA', 'Ghardaïa', 'Ghardaïa', 89415),
(53, 'ASM', 'Tafuna', 'Tutuila', 5200),
(54, 'ASM', 'Fagatogo', 'Tutuila', 2323),
(55, 'AND', 'Andorra la Vella', 'Andorra la Vella', 21189),
(56, 'AGO', 'Luanda', 'Luanda', 2022000),
(57, 'AGO', 'Huambo', 'Huambo', 163100),
(58, 'AGO', 'Lobito', 'Benguela', 130000),
(59, 'AGO', 'Benguela', 'Benguela', 128300),
(60, 'AGO', 'Namibe', 'Namibe', 118200),
(61, 'AIA', 'South Hill', '–', 961),
(62, 'AIA', 'The Valley', '–', 595),
(63, 'ATG', 'Saint John´s', 'St John', 24000),
(64, 'ARE', 'Dubai', 'Dubai', 669181),
(65, 'ARE', 'Abu Dhabi', 'Abu Dhabi', 398695),
(66, 'ARE', 'Sharja', 'Sharja', 320095),
(67, 'ARE', 'al-Ayn', 'Abu Dhabi', 225970),
(68, 'ARE', 'Ajman', 'Ajman', 114395),
(69, 'ARG', 'Buenos Aires', 'Distrito Federal', 2982146),
(70, 'ARG', 'La Matanza', 'Buenos Aires', 1266461),
(71, 'ARG', 'Córdoba', 'Córdoba', 1157507),
(72, 'ARG', 'Rosario', 'Santa Fé', 907718),
(73, 'ARG', 'Lomas de Zamora', 'Buenos Aires', 622013),
(74, 'ARG', 'Quilmes', 'Buenos Aires', 559249),
(75, 'ARG', 'Almirante Brown', 'Buenos Aires', 538918),
(76, 'ARG', 'La Plata', 'Buenos Aires', 521936),
(77, 'ARG', 'Mar del Plata', 'Buenos Aires', 512880),
(78, 'ARG', 'San Miguel de Tucumán', 'Tucumán', 470809),
(79, 'ARG', 'Lanús', 'Buenos Aires', 469735),
(80, 'ARG', 'Merlo', 'Buenos Aires', 463846),
(81, 'ARG', 'General San Martín', 'Buenos Aires', 422542),
(82, 'ARG', 'Salta', 'Salta', 367550),
(83, 'ARG', 'Moreno', 'Buenos Aires', 356993),
(84, 'ARG', 'Santa Fé', 'Santa Fé', 353063),
(85, 'ARG', 'Avellaneda', 'Buenos Aires', 353046),
(86, 'ARG', 'Tres de Febrero', 'Buenos Aires', 352311),
(87, 'ARG', 'Morón', 'Buenos Aires', 349246),
(88, 'ARG', 'Florencio Varela', 'Buenos Aires', 315432),
(89, 'ARG', 'San Isidro', 'Buenos Aires', 306341),
(90, 'ARG', 'Tigre', 'Buenos Aires', 296226),
(91, 'ARG', 'Malvinas Argentinas', 'Buenos Aires', 290335),
(92, 'ARG', 'Vicente López', 'Buenos Aires', 288341),
(93, 'ARG', 'Berazategui', 'Buenos Aires', 276916),
(94, 'ARG', 'Corrientes', 'Corrientes', 258103),
(95, 'ARG', 'San Miguel', 'Buenos Aires', 248700),
(96, 'ARG', 'Bahía Blanca', 'Buenos Aires', 239810),
(97, 'ARG', 'Esteban Echeverría', 'Buenos Aires', 235760),
(98, 'ARG', 'Resistencia', 'Chaco', 229212),
(99, 'ARG', 'José C. Paz', 'Buenos Aires', 221754),
(100, 'ARG', 'Paraná', 'Entre Rios', 207041),
(101, 'ARG', 'Godoy Cruz', 'Mendoza', 206998),
(102, 'ARG', 'Posadas', 'Misiones', 201273),
(103, 'ARG', 'Guaymallén', 'Mendoza', 200595),
(104, 'ARG', 'Santiago del Estero', 'Santiago del Estero', 189947),
(105, 'ARG', 'San Salvador de Jujuy', 'Jujuy', 178748),
(106, 'ARG', 'Hurlingham', 'Buenos Aires', 170028),
(107, 'ARG', 'Neuquén', 'Neuquén', 167296),
(108, 'ARG', 'Ituzaingó', 'Buenos Aires', 158197),
(109, 'ARG', 'San Fernando', 'Buenos Aires', 153036),
(110, 'ARG', 'Formosa', 'Formosa', 147636),
(111, 'ARG', 'Las Heras', 'Mendoza', 145823),
(112, 'ARG', 'La Rioja', 'La Rioja', 138117),
(113, 'ARG', 'San Fernando del Valle de Cata', 'Catamarca', 134935),
(114, 'ARG', 'Río Cuarto', 'Córdoba', 134355),
(115, 'ARG', 'Comodoro Rivadavia', 'Chubut', 124104),
(116, 'ARG', 'Mendoza', 'Mendoza', 123027),
(117, 'ARG', 'San Nicolás de los Arroyos', 'Buenos Aires', 119302),
(118, 'ARG', 'San Juan', 'San Juan', 119152),
(119, 'ARG', 'Escobar', 'Buenos Aires', 116675),
(120, 'ARG', 'Concordia', 'Entre Rios', 116485),
(121, 'ARG', 'Pilar', 'Buenos Aires', 113428),
(122, 'ARG', 'San Luis', 'San Luis', 110136),
(123, 'ARG', 'Ezeiza', 'Buenos Aires', 99578),
(124, 'ARG', 'San Rafael', 'Mendoza', 94651),
(125, 'ARG', 'Tandil', 'Buenos Aires', 91101),
(126, 'ARM', 'Yerevan', 'Yerevan', 1248700),
(127, 'ARM', 'Gjumri', 'Širak', 211700),
(128, 'ARM', 'Vanadzor', 'Lori', 172700),
(129, 'ABW', 'Oranjestad', '–', 29034),
(130, 'AUS', 'Sydney', 'New South Wales', 3276207),
(131, 'AUS', 'Melbourne', 'Victoria', 2865329),
(132, 'AUS', 'Brisbane', 'Queensland', 1291117),
(133, 'AUS', 'Perth', 'West Australia', 1096829),
(134, 'AUS', 'Adelaide', 'South Australia', 978100),
(135, 'AUS', 'Canberra', 'Capital Region', 322723),
(136, 'AUS', 'Gold Coast', 'Queensland', 311932),
(137, 'AUS', 'Newcastle', 'New South Wales', 270324),
(138, 'AUS', 'Central Coast', 'New South Wales', 227657),
(139, 'AUS', 'Wollongong', 'New South Wales', 219761),
(140, 'AUS', 'Hobart', 'Tasmania', 126118),
(141, 'AUS', 'Geelong', 'Victoria', 125382),
(142, 'AUS', 'Townsville', 'Queensland', 109914),
(143, 'AUS', 'Cairns', 'Queensland', 92273),
(144, 'AZE', 'Baku', 'Baki', 1787800),
(145, 'AZE', 'Gäncä', 'Gäncä', 299300),
(146, 'AZE', 'Sumqayit', 'Sumqayit', 283000),
(147, 'AZE', 'Mingäçevir', 'Mingäçevir', 93900),
(148, 'BHS', 'Nassau', 'New Providence', 172000),
(149, 'BHR', 'al-Manama', 'al-Manama', 148000),
(150, 'BGD', 'Dhaka', 'Dhaka', 3612850),
(151, 'BGD', 'Chittagong', 'Chittagong', 1392860),
(152, 'BGD', 'Khulna', 'Khulna', 663340),
(153, 'BGD', 'Rajshahi', 'Rajshahi', 294056),
(154, 'BGD', 'Narayanganj', 'Dhaka', 202134),
(155, 'BGD', 'Rangpur', 'Rajshahi', 191398),
(156, 'BGD', 'Mymensingh', 'Dhaka', 188713),
(157, 'BGD', 'Barisal', 'Barisal', 170232),
(158, 'BGD', 'Tungi', 'Dhaka', 168702),
(159, 'BGD', 'Jessore', 'Khulna', 139710),
(160, 'BGD', 'Comilla', 'Chittagong', 135313),
(161, 'BGD', 'Nawabganj', 'Rajshahi', 130577),
(162, 'BGD', 'Dinajpur', 'Rajshahi', 127815),
(163, 'BGD', 'Bogra', 'Rajshahi', 120170),
(164, 'BGD', 'Sylhet', 'Sylhet', 117396),
(165, 'BGD', 'Brahmanbaria', 'Chittagong', 109032),
(166, 'BGD', 'Tangail', 'Dhaka', 106004),
(167, 'BGD', 'Jamalpur', 'Dhaka', 103556),
(168, 'BGD', 'Pabna', 'Rajshahi', 103277),
(169, 'BGD', 'Naogaon', 'Rajshahi', 101266),
(170, 'BGD', 'Sirajganj', 'Rajshahi', 99669),
(171, 'BGD', 'Narsinghdi', 'Dhaka', 98342),
(172, 'BGD', 'Saidpur', 'Rajshahi', 96777),
(173, 'BGD', 'Gazipur', 'Dhaka', 96717),
(174, 'BRB', 'Bridgetown', 'St Michael', 6070),
(175, 'BEL', 'Antwerpen', 'Antwerpen', 446525),
(176, 'BEL', 'Gent', 'East Flanderi', 224180),
(177, 'BEL', 'Charleroi', 'Hainaut', 200827),
(178, 'BEL', 'Liège', 'Liège', 185639),
(179, 'BEL', 'Bruxelles [Brussel]', 'Bryssel', 133859),
(180, 'BEL', 'Brugge', 'West Flanderi', 116246),
(181, 'BEL', 'Schaerbeek', 'Bryssel', 105692),
(182, 'BEL', 'Namur', 'Namur', 105419),
(183, 'BEL', 'Mons', 'Hainaut', 90935),
(184, 'BLZ', 'Belize City', 'Belize City', 55810),
(185, 'BLZ', 'Belmopan', 'Cayo', 7105),
(186, 'BEN', 'Cotonou', 'Atlantique', 536827),
(187, 'BEN', 'Porto-Novo', 'Ouémé', 194000),
(188, 'BEN', 'Djougou', 'Atacora', 134099),
(189, 'BEN', 'Parakou', 'Borgou', 103577),
(190, 'BMU', 'Saint George', 'Saint George´s', 1800),
(191, 'BMU', 'Hamilton', 'Hamilton', 1200),
(192, 'BTN', 'Thimphu', 'Thimphu', 22000),
(193, 'BOL', 'Santa Cruz de la Sierra', 'Santa Cruz', 935361),
(194, 'BOL', 'La Paz', 'La Paz', 758141),
(195, 'BOL', 'El Alto', 'La Paz', 534466),
(196, 'BOL', 'Cochabamba', 'Cochabamba', 482800),
(197, 'BOL', 'Oruro', 'Oruro', 223553),
(198, 'BOL', 'Sucre', 'Chuquisaca', 178426),
(199, 'BOL', 'Potosí', 'Potosí', 140642),
(200, 'BOL', 'Tarija', 'Tarija', 125255),
(201, 'BIH', 'Sarajevo', 'Federaatio', 360000),
(202, 'BIH', 'Banja Luka', 'Republika Srpska', 143079),
(203, 'BIH', 'Zenica', 'Federaatio', 96027),
(204, 'BWA', 'Gaborone', 'Gaborone', 213017),
(205, 'BWA', 'Francistown', 'Francistown', 101805),
(206, 'BRA', 'São Paulo', 'São Paulo', 9968485),
(207, 'BRA', 'Rio de Janeiro', 'Rio de Janeiro', 5598953),
(208, 'BRA', 'Salvador', 'Bahia', 2302832),
(209, 'BRA', 'Belo Horizonte', 'Minas Gerais', 2139125),
(210, 'BRA', 'Fortaleza', 'Ceará', 2097757),
(211, 'BRA', 'Brasília', 'Distrito Federal', 1969868),
(212, 'BRA', 'Curitiba', 'Paraná', 1584232),
(213, 'BRA', 'Recife', 'Pernambuco', 1378087),
(214, 'BRA', 'Porto Alegre', 'Rio Grande do Sul', 1314032),
(215, 'BRA', 'Manaus', 'Amazonas', 1255049),
(216, 'BRA', 'Belém', 'Pará', 1186926),
(217, 'BRA', 'Guarulhos', 'São Paulo', 1095874),
(218, 'BRA', 'Goiânia', 'Goiás', 1056330),
(219, 'BRA', 'Campinas', 'São Paulo', 950043),
(220, 'BRA', 'São Gonçalo', 'Rio de Janeiro', 869254),
(221, 'BRA', 'Nova Iguaçu', 'Rio de Janeiro', 862225),
(222, 'BRA', 'São Luís', 'Maranhão', 837588),
(223, 'BRA', 'Maceió', 'Alagoas', 786288),
(224, 'BRA', 'Duque de Caxias', 'Rio de Janeiro', 746758),
(225, 'BRA', 'São Bernardo do Campo', 'São Paulo', 723132),
(226, 'BRA', 'Teresina', 'Piauí', 691942),
(227, 'BRA', 'Natal', 'Rio Grande do Norte', 688955),
(228, 'BRA', 'Osasco', 'São Paulo', 659604),
(229, 'BRA', 'Campo Grande', 'Mato Grosso do Sul', 649593),
(230, 'BRA', 'Santo André', 'São Paulo', 630073),
(231, 'BRA', 'João Pessoa', 'Paraíba', 584029),
(232, 'BRA', 'Jaboatão dos Guararapes', 'Pernambuco', 558680),
(233, 'BRA', 'Contagem', 'Minas Gerais', 520801),
(234, 'BRA', 'São José dos Campos', 'São Paulo', 515553),
(235, 'BRA', 'Uberlândia', 'Minas Gerais', 487222),
(236, 'BRA', 'Feira de Santana', 'Bahia', 479992),
(237, 'BRA', 'Ribeirão Preto', 'São Paulo', 473276),
(238, 'BRA', 'Sorocaba', 'São Paulo', 466823),
(239, 'BRA', 'Niterói', 'Rio de Janeiro', 459884),
(240, 'BRA', 'Cuiabá', 'Mato Grosso', 453813),
(241, 'BRA', 'Juiz de Fora', 'Minas Gerais', 450288),
(242, 'BRA', 'Aracaju', 'Sergipe', 445555),
(243, 'BRA', 'São João de Meriti', 'Rio de Janeiro', 440052),
(244, 'BRA', 'Londrina', 'Paraná', 432257),
(245, 'BRA', 'Joinville', 'Santa Catarina', 428011),
(246, 'BRA', 'Belford Roxo', 'Rio de Janeiro', 425194),
(247, 'BRA', 'Santos', 'São Paulo', 408748),
(248, 'BRA', 'Ananindeua', 'Pará', 400940),
(249, 'BRA', 'Campos dos Goytacazes', 'Rio de Janeiro', 398418),
(250, 'BRA', 'Mauá', 'São Paulo', 375055),
(251, 'BRA', 'Carapicuíba', 'São Paulo', 357552),
(252, 'BRA', 'Olinda', 'Pernambuco', 354732),
(253, 'BRA', 'Campina Grande', 'Paraíba', 352497),
(254, 'BRA', 'São José do Rio Preto', 'São Paulo', 351944),
(255, 'BRA', 'Caxias do Sul', 'Rio Grande do Sul', 349581),
(256, 'BRA', 'Moji das Cruzes', 'São Paulo', 339194),
(257, 'BRA', 'Diadema', 'São Paulo', 335078),
(258, 'BRA', 'Aparecida de Goiânia', 'Goiás', 324662),
(259, 'BRA', 'Piracicaba', 'São Paulo', 319104),
(260, 'BRA', 'Cariacica', 'Espírito Santo', 319033),
(261, 'BRA', 'Vila Velha', 'Espírito Santo', 318758),
(262, 'BRA', 'Pelotas', 'Rio Grande do Sul', 315415),
(263, 'BRA', 'Bauru', 'São Paulo', 313670),
(264, 'BRA', 'Porto Velho', 'Rondônia', 309750),
(265, 'BRA', 'Serra', 'Espírito Santo', 302666),
(266, 'BRA', 'Betim', 'Minas Gerais', 302108),
(267, 'BRA', 'Jundíaí', 'São Paulo', 296127),
(268, 'BRA', 'Canoas', 'Rio Grande do Sul', 294125),
(269, 'BRA', 'Franca', 'São Paulo', 290139),
(270, 'BRA', 'São Vicente', 'São Paulo', 286848),
(271, 'BRA', 'Maringá', 'Paraná', 286461),
(272, 'BRA', 'Montes Claros', 'Minas Gerais', 286058),
(273, 'BRA', 'Anápolis', 'Goiás', 282197),
(274, 'BRA', 'Florianópolis', 'Santa Catarina', 281928),
(275, 'BRA', 'Petrópolis', 'Rio de Janeiro', 279183),
(276, 'BRA', 'Itaquaquecetuba', 'São Paulo', 270874),
(277, 'BRA', 'Vitória', 'Espírito Santo', 270626),
(278, 'BRA', 'Ponta Grossa', 'Paraná', 268013),
(279, 'BRA', 'Rio Branco', 'Acre', 259537),
(280, 'BRA', 'Foz do Iguaçu', 'Paraná', 259425),
(281, 'BRA', 'Macapá', 'Amapá', 256033),
(282, 'BRA', 'Ilhéus', 'Bahia', 254970),
(283, 'BRA', 'Vitória da Conquista', 'Bahia', 253587),
(284, 'BRA', 'Uberaba', 'Minas Gerais', 249225),
(285, 'BRA', 'Paulista', 'Pernambuco', 248473),
(286, 'BRA', 'Limeira', 'São Paulo', 245497),
(287, 'BRA', 'Blumenau', 'Santa Catarina', 244379),
(288, 'BRA', 'Caruaru', 'Pernambuco', 244247),
(289, 'BRA', 'Santarém', 'Pará', 241771),
(290, 'BRA', 'Volta Redonda', 'Rio de Janeiro', 240315),
(291, 'BRA', 'Novo Hamburgo', 'Rio Grande do Sul', 239940),
(292, 'BRA', 'Caucaia', 'Ceará', 238738),
(293, 'BRA', 'Santa Maria', 'Rio Grande do Sul', 238473),
(294, 'BRA', 'Cascavel', 'Paraná', 237510),
(295, 'BRA', 'Guarujá', 'São Paulo', 237206),
(296, 'BRA', 'Ribeirão das Neves', 'Minas Gerais', 232685),
(297, 'BRA', 'Governador Valadares', 'Minas Gerais', 231724),
(298, 'BRA', 'Taubaté', 'São Paulo', 229130),
(299, 'BRA', 'Imperatriz', 'Maranhão', 224564),
(300, 'BRA', 'Gravataí', 'Rio Grande do Sul', 223011),
(301, 'BRA', 'Embu', 'São Paulo', 222223),
(302, 'BRA', 'Mossoró', 'Rio Grande do Norte', 214901),
(303, 'BRA', 'Várzea Grande', 'Mato Grosso', 214435),
(304, 'BRA', 'Petrolina', 'Pernambuco', 210540),
(305, 'BRA', 'Barueri', 'São Paulo', 208426),
(306, 'BRA', 'Viamão', 'Rio Grande do Sul', 207557),
(307, 'BRA', 'Ipatinga', 'Minas Gerais', 206338),
(308, 'BRA', 'Juazeiro', 'Bahia', 201073),
(309, 'BRA', 'Juazeiro do Norte', 'Ceará', 199636),
(310, 'BRA', 'Taboão da Serra', 'São Paulo', 197550),
(311, 'BRA', 'São José dos Pinhais', 'Paraná', 196884),
(312, 'BRA', 'Magé', 'Rio de Janeiro', 196147),
(313, 'BRA', 'Suzano', 'São Paulo', 195434),
(314, 'BRA', 'São Leopoldo', 'Rio Grande do Sul', 189258),
(315, 'BRA', 'Marília', 'São Paulo', 188691),
(316, 'BRA', 'São Carlos', 'São Paulo', 187122),
(317, 'BRA', 'Sumaré', 'São Paulo', 186205),
(318, 'BRA', 'Presidente Prudente', 'São Paulo', 185340),
(319, 'BRA', 'Divinópolis', 'Minas Gerais', 185047),
(320, 'BRA', 'Sete Lagoas', 'Minas Gerais', 182984),
(321, 'BRA', 'Rio Grande', 'Rio Grande do Sul', 182222),
(322, 'BRA', 'Itabuna', 'Bahia', 182148),
(323, 'BRA', 'Jequié', 'Bahia', 179128),
(324, 'BRA', 'Arapiraca', 'Alagoas', 178988),
(325, 'BRA', 'Colombo', 'Paraná', 177764),
(326, 'BRA', 'Americana', 'São Paulo', 177409),
(327, 'BRA', 'Alvorada', 'Rio Grande do Sul', 175574),
(328, 'BRA', 'Araraquara', 'São Paulo', 174381),
(329, 'BRA', 'Itaboraí', 'Rio de Janeiro', 173977),
(330, 'BRA', 'Santa Bárbara d´Oeste', 'São Paulo', 171657),
(331, 'BRA', 'Nova Friburgo', 'Rio de Janeiro', 170697),
(332, 'BRA', 'Jacareí', 'São Paulo', 170356),
(333, 'BRA', 'Araçatuba', 'São Paulo', 169303),
(334, 'BRA', 'Barra Mansa', 'Rio de Janeiro', 168953),
(335, 'BRA', 'Praia Grande', 'São Paulo', 168434),
(336, 'BRA', 'Marabá', 'Pará', 167795),
(337, 'BRA', 'Criciúma', 'Santa Catarina', 167661),
(338, 'BRA', 'Boa Vista', 'Roraima', 167185),
(339, 'BRA', 'Passo Fundo', 'Rio Grande do Sul', 166343),
(340, 'BRA', 'Dourados', 'Mato Grosso do Sul', 164716),
(341, 'BRA', 'Santa Luzia', 'Minas Gerais', 164704),
(342, 'BRA', 'Rio Claro', 'São Paulo', 163551),
(343, 'BRA', 'Maracanaú', 'Ceará', 162022),
(344, 'BRA', 'Guarapuava', 'Paraná', 160510),
(345, 'BRA', 'Rondonópolis', 'Mato Grosso', 155115),
(346, 'BRA', 'São José', 'Santa Catarina', 155105),
(347, 'BRA', 'Cachoeiro de Itapemirim', 'Espírito Santo', 155024),
(348, 'BRA', 'Nilópolis', 'Rio de Janeiro', 153383),
(349, 'BRA', 'Itapevi', 'São Paulo', 150664),
(350, 'BRA', 'Cabo de Santo Agostinho', 'Pernambuco', 149964),
(351, 'BRA', 'Camaçari', 'Bahia', 149146),
(352, 'BRA', 'Sobral', 'Ceará', 146005),
(353, 'BRA', 'Itajaí', 'Santa Catarina', 145197),
(354, 'BRA', 'Chapecó', 'Santa Catarina', 144158),
(355, 'BRA', 'Cotia', 'São Paulo', 140042),
(356, 'BRA', 'Lages', 'Santa Catarina', 139570),
(357, 'BRA', 'Ferraz de Vasconcelos', 'São Paulo', 139283),
(358, 'BRA', 'Indaiatuba', 'São Paulo', 135968),
(359, 'BRA', 'Hortolândia', 'São Paulo', 135755),
(360, 'BRA', 'Caxias', 'Maranhão', 133980),
(361, 'BRA', 'São Caetano do Sul', 'São Paulo', 133321),
(362, 'BRA', 'Itu', 'São Paulo', 132736),
(363, 'BRA', 'Nossa Senhora do Socorro', 'Sergipe', 131351),
(364, 'BRA', 'Parnaíba', 'Piauí', 129756),
(365, 'BRA', 'Poços de Caldas', 'Minas Gerais', 129683),
(366, 'BRA', 'Teresópolis', 'Rio de Janeiro', 128079),
(367, 'BRA', 'Barreiras', 'Bahia', 127801),
(368, 'BRA', 'Castanhal', 'Pará', 127634),
(369, 'BRA', 'Alagoinhas', 'Bahia', 126820),
(370, 'BRA', 'Itapecerica da Serra', 'São Paulo', 126672),
(371, 'BRA', 'Uruguaiana', 'Rio Grande do Sul', 126305),
(372, 'BRA', 'Paranaguá', 'Paraná', 126076),
(373, 'BRA', 'Ibirité', 'Minas Gerais', 125982),
(374, 'BRA', 'Timon', 'Maranhão', 125812),
(375, 'BRA', 'Luziânia', 'Goiás', 125597),
(376, 'BRA', 'Macaé', 'Rio de Janeiro', 125597),
(377, 'BRA', 'Teófilo Otoni', 'Minas Gerais', 124489),
(378, 'BRA', 'Moji-Guaçu', 'São Paulo', 123782),
(379, 'BRA', 'Palmas', 'Tocantins', 121919),
(380, 'BRA', 'Pindamonhangaba', 'São Paulo', 121904),
(381, 'BRA', 'Francisco Morato', 'São Paulo', 121197),
(382, 'BRA', 'Bagé', 'Rio Grande do Sul', 120793),
(383, 'BRA', 'Sapucaia do Sul', 'Rio Grande do Sul', 120217),
(384, 'BRA', 'Cabo Frio', 'Rio de Janeiro', 119503),
(385, 'BRA', 'Itapetininga', 'São Paulo', 119391),
(386, 'BRA', 'Patos de Minas', 'Minas Gerais', 119262),
(387, 'BRA', 'Camaragibe', 'Pernambuco', 118968),
(388, 'BRA', 'Bragança Paulista', 'São Paulo', 116929),
(389, 'BRA', 'Queimados', 'Rio de Janeiro', 115020),
(390, 'BRA', 'Araguaína', 'Tocantins', 114948),
(391, 'BRA', 'Garanhuns', 'Pernambuco', 114603),
(392, 'BRA', 'Vitória de Santo Antão', 'Pernambuco', 113595),
(393, 'BRA', 'Santa Rita', 'Paraíba', 113135),
(394, 'BRA', 'Barbacena', 'Minas Gerais', 113079),
(395, 'BRA', 'Abaetetuba', 'Pará', 111258),
(396, 'BRA', 'Jaú', 'São Paulo', 109965),
(397, 'BRA', 'Lauro de Freitas', 'Bahia', 109236),
(398, 'BRA', 'Franco da Rocha', 'São Paulo', 108964),
(399, 'BRA', 'Teixeira de Freitas', 'Bahia', 108441),
(400, 'BRA', 'Varginha', 'Minas Gerais', 108314),
(401, 'BRA', 'Ribeirão Pires', 'São Paulo', 108121),
(402, 'BRA', 'Sabará', 'Minas Gerais', 107781),
(403, 'BRA', 'Catanduva', 'São Paulo', 107761),
(404, 'BRA', 'Rio Verde', 'Goiás', 107755),
(405, 'BRA', 'Botucatu', 'São Paulo', 107663),
(406, 'BRA', 'Colatina', 'Espírito Santo', 107354),
(407, 'BRA', 'Santa Cruz do Sul', 'Rio Grande do Sul', 106734),
(408, 'BRA', 'Linhares', 'Espírito Santo', 106278),
(409, 'BRA', 'Apucarana', 'Paraná', 105114),
(410, 'BRA', 'Barretos', 'São Paulo', 104156),
(411, 'BRA', 'Guaratinguetá', 'São Paulo', 103433),
(412, 'BRA', 'Cachoeirinha', 'Rio Grande do Sul', 103240),
(413, 'BRA', 'Codó', 'Maranhão', 103153),
(414, 'BRA', 'Jaraguá do Sul', 'Santa Catarina', 102580),
(415, 'BRA', 'Cubatão', 'São Paulo', 102372),
(416, 'BRA', 'Itabira', 'Minas Gerais', 102217),
(417, 'BRA', 'Itaituba', 'Pará', 101320),
(418, 'BRA', 'Araras', 'São Paulo', 101046),
(419, 'BRA', 'Resende', 'Rio de Janeiro', 100627),
(420, 'BRA', 'Atibaia', 'São Paulo', 100356),
(421, 'BRA', 'Pouso Alegre', 'Minas Gerais', 100028),
(422, 'BRA', 'Toledo', 'Paraná', 99387),
(423, 'BRA', 'Crato', 'Ceará', 98965),
(424, 'BRA', 'Passos', 'Minas Gerais', 98570),
(425, 'BRA', 'Araguari', 'Minas Gerais', 98399),
(426, 'BRA', 'São José de Ribamar', 'Maranhão', 98318),
(427, 'BRA', 'Pinhais', 'Paraná', 98198),
(428, 'BRA', 'Sertãozinho', 'São Paulo', 98140),
(429, 'BRA', 'Conselheiro Lafaiete', 'Minas Gerais', 97507),
(430, 'BRA', 'Paulo Afonso', 'Bahia', 97291),
(431, 'BRA', 'Angra dos Reis', 'Rio de Janeiro', 96864),
(432, 'BRA', 'Eunápolis', 'Bahia', 96610),
(433, 'BRA', 'Salto', 'São Paulo', 96348),
(434, 'BRA', 'Ourinhos', 'São Paulo', 96291),
(435, 'BRA', 'Parnamirim', 'Rio Grande do Norte', 96210),
(436, 'BRA', 'Jacobina', 'Bahia', 96131),
(437, 'BRA', 'Coronel Fabriciano', 'Minas Gerais', 95933),
(438, 'BRA', 'Birigui', 'São Paulo', 94685),
(439, 'BRA', 'Tatuí', 'São Paulo', 93897),
(440, 'BRA', 'Ji-Paraná', 'Rondônia', 93346),
(441, 'BRA', 'Bacabal', 'Maranhão', 93121),
(442, 'BRA', 'Cametá', 'Pará', 92779),
(443, 'BRA', 'Guaíba', 'Rio Grande do Sul', 92224),
(444, 'BRA', 'São Lourenço da Mata', 'Pernambuco', 91999),
(445, 'BRA', 'Santana do Livramento', 'Rio Grande do Sul', 91779),
(446, 'BRA', 'Votorantim', 'São Paulo', 91777),
(447, 'BRA', 'Campo Largo', 'Paraná', 91203),
(448, 'BRA', 'Patos', 'Paraíba', 90519),
(449, 'BRA', 'Ituiutaba', 'Minas Gerais', 90507),
(450, 'BRA', 'Corumbá', 'Mato Grosso do Sul', 90111),
(451, 'BRA', 'Palhoça', 'Santa Catarina', 89465),
(452, 'BRA', 'Barra do Piraí', 'Rio de Janeiro', 89388),
(453, 'BRA', 'Bento Gonçalves', 'Rio Grande do Sul', 89254),
(454, 'BRA', 'Poá', 'São Paulo', 89236),
(455, 'BRA', 'Águas Lindas de Goiás', 'Goiás', 89200),
(456, 'GBR', 'London', 'England', 7285000),
(457, 'GBR', 'Birmingham', 'England', 1013000),
(458, 'GBR', 'Glasgow', 'Scotland', 619680),
(459, 'GBR', 'Liverpool', 'England', 461000),
(460, 'GBR', 'Edinburgh', 'Scotland', 450180),
(461, 'GBR', 'Sheffield', 'England', 431607),
(462, 'GBR', 'Manchester', 'England', 430000),
(463, 'GBR', 'Leeds', 'England', 424194),
(464, 'GBR', 'Bristol', 'England', 402000),
(465, 'GBR', 'Cardiff', 'Wales', 321000),
(466, 'GBR', 'Coventry', 'England', 304000),
(467, 'GBR', 'Leicester', 'England', 294000),
(468, 'GBR', 'Bradford', 'England', 289376),
(469, 'GBR', 'Belfast', 'North Ireland', 287500),
(470, 'GBR', 'Nottingham', 'England', 287000),
(471, 'GBR', 'Kingston upon Hull', 'England', 262000),
(472, 'GBR', 'Plymouth', 'England', 253000),
(473, 'GBR', 'Stoke-on-Trent', 'England', 252000),
(474, 'GBR', 'Wolverhampton', 'England', 242000),
(475, 'GBR', 'Derby', 'England', 236000),
(476, 'GBR', 'Swansea', 'Wales', 230000),
(477, 'GBR', 'Southampton', 'England', 216000),
(478, 'GBR', 'Aberdeen', 'Scotland', 213070),
(479, 'GBR', 'Northampton', 'England', 196000),
(480, 'GBR', 'Dudley', 'England', 192171),
(481, 'GBR', 'Portsmouth', 'England', 190000),
(482, 'GBR', 'Newcastle upon Tyne', 'England', 189150),
(483, 'GBR', 'Sunderland', 'England', 183310),
(484, 'GBR', 'Luton', 'England', 183000),
(485, 'GBR', 'Swindon', 'England', 180000),
(486, 'GBR', 'Southend-on-Sea', 'England', 176000),
(487, 'GBR', 'Walsall', 'England', 174739),
(488, 'GBR', 'Bournemouth', 'England', 162000),
(489, 'GBR', 'Peterborough', 'England', 156000),
(490, 'GBR', 'Brighton', 'England', 156124),
(491, 'GBR', 'Blackpool', 'England', 151000),
(492, 'GBR', 'Dundee', 'Scotland', 146690),
(493, 'GBR', 'West Bromwich', 'England', 146386),
(494, 'GBR', 'Reading', 'England', 148000),
(495, 'GBR', 'Oldbury/Smethwick (Warley)', 'England', 145542),
(496, 'GBR', 'Middlesbrough', 'England', 145000),
(497, 'GBR', 'Huddersfield', 'England', 143726),
(498, 'GBR', 'Oxford', 'England', 144000),
(499, 'GBR', 'Poole', 'England', 141000),
(500, 'GBR', 'Bolton', 'England', 139020),
(501, 'GBR', 'Blackburn', 'England', 140000),
(502, 'GBR', 'Newport', 'Wales', 139000),
(503, 'GBR', 'Preston', 'England', 135000),
(504, 'GBR', 'Stockport', 'England', 132813),
(505, 'GBR', 'Norwich', 'England', 124000),
(506, 'GBR', 'Rotherham', 'England', 121380),
(507, 'GBR', 'Cambridge', 'England', 121000),
(508, 'GBR', 'Watford', 'England', 113080),
(509, 'GBR', 'Ipswich', 'England', 114000),
(510, 'GBR', 'Slough', 'England', 112000),
(511, 'GBR', 'Exeter', 'England', 111000),
(512, 'GBR', 'Cheltenham', 'England', 106000),
(513, 'GBR', 'Gloucester', 'England', 107000),
(514, 'GBR', 'Saint Helens', 'England', 106293),
(515, 'GBR', 'Sutton Coldfield', 'England', 106001),
(516, 'GBR', 'York', 'England', 104425),
(517, 'GBR', 'Oldham', 'England', 103931),
(518, 'GBR', 'Basildon', 'England', 100924),
(519, 'GBR', 'Worthing', 'England', 100000),
(520, 'GBR', 'Chelmsford', 'England', 97451),
(521, 'GBR', 'Colchester', 'England', 96063),
(522, 'GBR', 'Crawley', 'England', 97000),
(523, 'GBR', 'Gillingham', 'England', 92000),
(524, 'GBR', 'Solihull', 'England', 94531),
(525, 'GBR', 'Rochdale', 'England', 94313),
(526, 'GBR', 'Birkenhead', 'England', 93087),
(527, 'GBR', 'Worcester', 'England', 95000),
(528, 'GBR', 'Hartlepool', 'England', 92000),
(529, 'GBR', 'Halifax', 'England', 91069),
(530, 'GBR', 'Woking/Byfleet', 'England', 92000),
(531, 'GBR', 'Southport', 'England', 90959),
(532, 'GBR', 'Maidstone', 'England', 90878),
(533, 'GBR', 'Eastbourne', 'England', 90000),
(534, 'GBR', 'Grimsby', 'England', 89000),
(535, 'GBR', 'Saint Helier', 'Jersey', 27523),
(536, 'GBR', 'Douglas', '–', 23487),
(537, 'VGB', 'Road Town', 'Tortola', 8000),
(538, 'BRN', 'Bandar Seri Begawan', 'Brunei and Muara', 21484),
(539, 'BGR', 'Sofija', 'Grad Sofija', 1122302),
(540, 'BGR', 'Plovdiv', 'Plovdiv', 342584),
(541, 'BGR', 'Varna', 'Varna', 299801),
(542, 'BGR', 'Burgas', 'Burgas', 195255),
(543, 'BGR', 'Ruse', 'Ruse', 166467),
(544, 'BGR', 'Stara Zagora', 'Haskovo', 147939),
(545, 'BGR', 'Pleven', 'Lovec', 121952),
(546, 'BGR', 'Sliven', 'Burgas', 105530),
(547, 'BGR', 'Dobric', 'Varna', 100399),
(548, 'BGR', 'Šumen', 'Varna', 94686),
(549, 'BFA', 'Ouagadougou', 'Kadiogo', 824000),
(550, 'BFA', 'Bobo-Dioulasso', 'Houet', 300000),
(551, 'BFA', 'Koudougou', 'Boulkiemdé', 105000),
(552, 'BDI', 'Bujumbura', 'Bujumbura', 300000),
(553, 'CYM', 'George Town', 'Grand Cayman', 19600),
(554, 'CHL', 'Santiago de Chile', 'Santiago', 4703954),
(555, 'CHL', 'Puente Alto', 'Santiago', 386236),
(556, 'CHL', 'Viña del Mar', 'Valparaíso', 312493),
(557, 'CHL', 'Valparaíso', 'Valparaíso', 293800),
(558, 'CHL', 'Talcahuano', 'Bíobío', 277752),
(559, 'CHL', 'Antofagasta', 'Antofagasta', 251429),
(560, 'CHL', 'San Bernardo', 'Santiago', 241910),
(561, 'CHL', 'Temuco', 'La Araucanía', 233041),
(562, 'CHL', 'Concepción', 'Bíobío', 217664),
(563, 'CHL', 'Rancagua', 'O´Higgins', 212977),
(564, 'CHL', 'Arica', 'Tarapacá', 189036),
(565, 'CHL', 'Talca', 'Maule', 187557),
(566, 'CHL', 'Chillán', 'Bíobío', 178182),
(567, 'CHL', 'Iquique', 'Tarapacá', 177892),
(568, 'CHL', 'Los Angeles', 'Bíobío', 158215),
(569, 'CHL', 'Puerto Montt', 'Los Lagos', 152194),
(570, 'CHL', 'Coquimbo', 'Coquimbo', 143353),
(571, 'CHL', 'Osorno', 'Los Lagos', 141468),
(572, 'CHL', 'La Serena', 'Coquimbo', 137409),
(573, 'CHL', 'Calama', 'Antofagasta', 137265),
(574, 'CHL', 'Valdivia', 'Los Lagos', 133106),
(575, 'CHL', 'Punta Arenas', 'Magallanes', 125631),
(576, 'CHL', 'Copiapó', 'Atacama', 120128),
(577, 'CHL', 'Quilpué', 'Valparaíso', 118857),
(578, 'CHL', 'Curicó', 'Maule', 115766),
(579, 'CHL', 'Ovalle', 'Coquimbo', 94854),
(580, 'CHL', 'Coronel', 'Bíobío', 93061),
(581, 'CHL', 'San Pedro de la Paz', 'Bíobío', 91684),
(582, 'CHL', 'Melipilla', 'Santiago', 91056),
(583, 'COK', 'Avarua', 'Rarotonga', 11900),
(584, 'CRI', 'San José', 'San José', 339131),
(585, 'DJI', 'Djibouti', 'Djibouti', 383000),
(586, 'DMA', 'Roseau', 'St George', 16243),
(587, 'DOM', 'Santo Domingo de Guzmán', 'Distrito Nacional', 1609966),
(588, 'DOM', 'Santiago de los Caballeros', 'Santiago', 365463),
(589, 'DOM', 'La Romana', 'La Romana', 140204),
(590, 'DOM', 'San Pedro de Macorís', 'San Pedro de Macorís', 124735),
(591, 'DOM', 'San Francisco de Macorís', 'Duarte', 108485),
(592, 'DOM', 'San Felipe de Puerto Plata', 'Puerto Plata', 89423),
(593, 'ECU', 'Guayaquil', 'Guayas', 2070040),
(594, 'ECU', 'Quito', 'Pichincha', 1573458),
(595, 'ECU', 'Cuenca', 'Azuay', 270353),
(596, 'ECU', 'Machala', 'El Oro', 210368),
(597, 'ECU', 'Santo Domingo de los Colorados', 'Pichincha', 202111),
(598, 'ECU', 'Portoviejo', 'Manabí', 176413),
(599, 'ECU', 'Ambato', 'Tungurahua', 169612),
(600, 'ECU', 'Manta', 'Manabí', 164739),
(601, 'ECU', 'Duran [Eloy Alfaro]', 'Guayas', 152514),
(602, 'ECU', 'Ibarra', 'Imbabura', 130643),
(603, 'ECU', 'Quevedo', 'Los Ríos', 129631),
(604, 'ECU', 'Milagro', 'Guayas', 124177),
(605, 'ECU', 'Loja', 'Loja', 123875),
(606, 'ECU', 'Ríobamba', 'Chimborazo', 123163),
(607, 'ECU', 'Esmeraldas', 'Esmeraldas', 123045),
(608, 'EGY', 'Cairo', 'Kairo', 6789479),
(609, 'EGY', 'Alexandria', 'Aleksandria', 3328196),
(610, 'EGY', 'Giza', 'Giza', 2221868),
(611, 'EGY', 'Shubra al-Khayma', 'al-Qalyubiya', 870716),
(612, 'EGY', 'Port Said', 'Port Said', 469533),
(613, 'EGY', 'Suez', 'Suez', 417610),
(614, 'EGY', 'al-Mahallat al-Kubra', 'al-Gharbiya', 395402),
(615, 'EGY', 'Tanta', 'al-Gharbiya', 371010),
(616, 'EGY', 'al-Mansura', 'al-Daqahliya', 369621),
(617, 'EGY', 'Luxor', 'Luxor', 360503),
(618, 'EGY', 'Asyut', 'Asyut', 343498),
(619, 'EGY', 'Bahtim', 'al-Qalyubiya', 275807),
(620, 'EGY', 'Zagazig', 'al-Sharqiya', 267351),
(621, 'EGY', 'al-Faiyum', 'al-Faiyum', 260964),
(622, 'EGY', 'Ismailia', 'Ismailia', 254477),
(623, 'EGY', 'Kafr al-Dawwar', 'al-Buhayra', 231978),
(624, 'EGY', 'Assuan', 'Assuan', 219017),
(625, 'EGY', 'Damanhur', 'al-Buhayra', 212203),
(626, 'EGY', 'al-Minya', 'al-Minya', 201360),
(627, 'EGY', 'Bani Suwayf', 'Bani Suwayf', 172032),
(628, 'EGY', 'Qina', 'Qina', 171275),
(629, 'EGY', 'Sawhaj', 'Sawhaj', 170125),
(630, 'EGY', 'Shibin al-Kawm', 'al-Minufiya', 159909),
(631, 'EGY', 'Bulaq al-Dakrur', 'Giza', 148787),
(632, 'EGY', 'Banha', 'al-Qalyubiya', 145792),
(633, 'EGY', 'Warraq al-Arab', 'Giza', 127108),
(634, 'EGY', 'Kafr al-Shaykh', 'Kafr al-Shaykh', 124819),
(635, 'EGY', 'Mallawi', 'al-Minya', 119283),
(636, 'EGY', 'Bilbays', 'al-Sharqiya', 113608),
(637, 'EGY', 'Mit Ghamr', 'al-Daqahliya', 101801),
(638, 'EGY', 'al-Arish', 'Shamal Sina', 100447),
(639, 'EGY', 'Talkha', 'al-Daqahliya', 97700),
(640, 'EGY', 'Qalyub', 'al-Qalyubiya', 97200),
(641, 'EGY', 'Jirja', 'Sawhaj', 95400),
(642, 'EGY', 'Idfu', 'Qina', 94200),
(643, 'EGY', 'al-Hawamidiya', 'Giza', 91700),
(644, 'EGY', 'Disuq', 'Kafr al-Shaykh', 91300),
(645, 'SLV', 'San Salvador', 'San Salvador', 415346),
(646, 'SLV', 'Santa Ana', 'Santa Ana', 139389),
(647, 'SLV', 'Mejicanos', 'San Salvador', 138800),
(648, 'SLV', 'Soyapango', 'San Salvador', 129800),
(649, 'SLV', 'San Miguel', 'San Miguel', 127696),
(650, 'SLV', 'Nueva San Salvador', 'La Libertad', 98400),
(651, 'SLV', 'Apopa', 'San Salvador', 88800),
(652, 'ERI', 'Asmara', 'Maekel', 431000),
(653, 'ESP', 'Madrid', 'Madrid', 2879052),
(654, 'ESP', 'Barcelona', 'Katalonia', 1503451),
(655, 'ESP', 'Valencia', 'Valencia', 739412),
(656, 'ESP', 'Sevilla', 'Andalusia', 701927),
(657, 'ESP', 'Zaragoza', 'Aragonia', 603367),
(658, 'ESP', 'Málaga', 'Andalusia', 530553),
(659, 'ESP', 'Bilbao', 'Baskimaa', 357589),
(660, 'ESP', 'Las Palmas de Gran Canaria', 'Canary Islands', 354757),
(661, 'ESP', 'Murcia', 'Murcia', 353504),
(662, 'ESP', 'Palma de Mallorca', 'Balears', 326993),
(663, 'ESP', 'Valladolid', 'Castilla and León', 319998),
(664, 'ESP', 'Córdoba', 'Andalusia', 311708),
(665, 'ESP', 'Vigo', 'Galicia', 283670),
(666, 'ESP', 'Alicante [Alacant]', 'Valencia', 272432),
(667, 'ESP', 'Gijón', 'Asturia', 267980),
(668, 'ESP', 'L´Hospitalet de Llobregat', 'Katalonia', 247986),
(669, 'ESP', 'Granada', 'Andalusia', 244767),
(670, 'ESP', 'A Coruña (La Coruña)', 'Galicia', 243402),
(671, 'ESP', 'Vitoria-Gasteiz', 'Baskimaa', 217154),
(672, 'ESP', 'Santa Cruz de Tenerife', 'Canary Islands', 213050),
(673, 'ESP', 'Badalona', 'Katalonia', 209635),
(674, 'ESP', 'Oviedo', 'Asturia', 200453),
(675, 'ESP', 'Móstoles', 'Madrid', 195351),
(676, 'ESP', 'Elche [Elx]', 'Valencia', 193174),
(677, 'ESP', 'Sabadell', 'Katalonia', 184859),
(678, 'ESP', 'Santander', 'Cantabria', 184165),
(679, 'ESP', 'Jerez de la Frontera', 'Andalusia', 182660),
(680, 'ESP', 'Pamplona [Iruña]', 'Navarra', 180483),
(681, 'ESP', 'Donostia-San Sebastián', 'Baskimaa', 179208),
(682, 'ESP', 'Cartagena', 'Murcia', 177709),
(683, 'ESP', 'Leganés', 'Madrid', 173163),
(684, 'ESP', 'Fuenlabrada', 'Madrid', 171173),
(685, 'ESP', 'Almería', 'Andalusia', 169027),
(686, 'ESP', 'Terrassa', 'Katalonia', 168695),
(687, 'ESP', 'Alcalá de Henares', 'Madrid', 164463),
(688, 'ESP', 'Burgos', 'Castilla and León', 162802),
(689, 'ESP', 'Salamanca', 'Castilla and León', 158720),
(690, 'ESP', 'Albacete', 'Kastilia-La Mancha', 147527),
(691, 'ESP', 'Getafe', 'Madrid', 145371),
(692, 'ESP', 'Cádiz', 'Andalusia', 142449),
(693, 'ESP', 'Alcorcón', 'Madrid', 142048),
(694, 'ESP', 'Huelva', 'Andalusia', 140583),
(695, 'ESP', 'León', 'Castilla and León', 139809),
(696, 'ESP', 'Castellón de la Plana [Castell', 'Valencia', 139712),
(697, 'ESP', 'Badajoz', 'Extremadura', 136613),
(698, 'ESP', '[San Cristóbal de] la Laguna', 'Canary Islands', 127945),
(699, 'ESP', 'Logroño', 'La Rioja', 127093),
(700, 'ESP', 'Santa Coloma de Gramenet', 'Katalonia', 120802),
(701, 'ESP', 'Tarragona', 'Katalonia', 113016),
(702, 'ESP', 'Lleida (Lérida)', 'Katalonia', 112207),
(703, 'ESP', 'Jaén', 'Andalusia', 109247),
(704, 'ESP', 'Ourense (Orense)', 'Galicia', 109120),
(705, 'ESP', 'Mataró', 'Katalonia', 104095),
(706, 'ESP', 'Algeciras', 'Andalusia', 103106),
(707, 'ESP', 'Marbella', 'Andalusia', 101144),
(708, 'ESP', 'Barakaldo', 'Baskimaa', 98212),
(709, 'ESP', 'Dos Hermanas', 'Andalusia', 94591),
(710, 'ESP', 'Santiago de Compostela', 'Galicia', 93745),
(711, 'ESP', 'Torrejón de Ardoz', 'Madrid', 92262),
(712, 'ZAF', 'Cape Town', 'Western Cape', 2352121),
(713, 'ZAF', 'Soweto', 'Gauteng', 904165),
(714, 'ZAF', 'Johannesburg', 'Gauteng', 756653),
(715, 'ZAF', 'Port Elizabeth', 'Eastern Cape', 752319),
(716, 'ZAF', 'Pretoria', 'Gauteng', 658630),
(717, 'ZAF', 'Inanda', 'KwaZulu-Natal', 634065),
(718, 'ZAF', 'Durban', 'KwaZulu-Natal', 566120),
(719, 'ZAF', 'Vanderbijlpark', 'Gauteng', 468931),
(720, 'ZAF', 'Kempton Park', 'Gauteng', 442633),
(721, 'ZAF', 'Alberton', 'Gauteng', 410102),
(722, 'ZAF', 'Pinetown', 'KwaZulu-Natal', 378810),
(723, 'ZAF', 'Pietermaritzburg', 'KwaZulu-Natal', 370190),
(724, 'ZAF', 'Benoni', 'Gauteng', 365467),
(725, 'ZAF', 'Randburg', 'Gauteng', 341288),
(726, 'ZAF', 'Umlazi', 'KwaZulu-Natal', 339233),
(727, 'ZAF', 'Bloemfontein', 'Free State', 334341),
(728, 'ZAF', 'Vereeniging', 'Gauteng', 328535),
(729, 'ZAF', 'Wonderboom', 'Gauteng', 283289),
(730, 'ZAF', 'Roodepoort', 'Gauteng', 279340),
(731, 'ZAF', 'Boksburg', 'Gauteng', 262648),
(732, 'ZAF', 'Klerksdorp', 'North West', 261911),
(733, 'ZAF', 'Soshanguve', 'Gauteng', 242727),
(734, 'ZAF', 'Newcastle', 'KwaZulu-Natal', 222993),
(735, 'ZAF', 'East London', 'Eastern Cape', 221047),
(736, 'ZAF', 'Welkom', 'Free State', 203296),
(737, 'ZAF', 'Kimberley', 'Northern Cape', 197254),
(738, 'ZAF', 'Uitenhage', 'Eastern Cape', 192120),
(739, 'ZAF', 'Chatsworth', 'KwaZulu-Natal', 189885),
(740, 'ZAF', 'Mdantsane', 'Eastern Cape', 182639),
(741, 'ZAF', 'Krugersdorp', 'Gauteng', 181503),
(742, 'ZAF', 'Botshabelo', 'Free State', 177971),
(743, 'ZAF', 'Brakpan', 'Gauteng', 171363),
(744, 'ZAF', 'Witbank', 'Mpumalanga', 167183),
(745, 'ZAF', 'Oberholzer', 'Gauteng', 164367),
(746, 'ZAF', 'Germiston', 'Gauteng', 164252),
(747, 'ZAF', 'Springs', 'Gauteng', 162072),
(748, 'ZAF', 'Westonaria', 'Gauteng', 159632),
(749, 'ZAF', 'Randfontein', 'Gauteng', 120838),
(750, 'ZAF', 'Paarl', 'Western Cape', 105768),
(751, 'ZAF', 'Potchefstroom', 'North West', 101817),
(752, 'ZAF', 'Rustenburg', 'North West', 97008),
(753, 'ZAF', 'Nigel', 'Gauteng', 96734),
(754, 'ZAF', 'George', 'Western Cape', 93818),
(755, 'ZAF', 'Ladysmith', 'KwaZulu-Natal', 89292),
(756, 'ETH', 'Addis Abeba', 'Addis Abeba', 2495000),
(757, 'ETH', 'Dire Dawa', 'Dire Dawa', 164851),
(758, 'ETH', 'Nazret', 'Oromia', 127842),
(759, 'ETH', 'Gonder', 'Amhara', 112249),
(760, 'ETH', 'Dese', 'Amhara', 97314),
(761, 'ETH', 'Mekele', 'Tigray', 96938),
(762, 'ETH', 'Bahir Dar', 'Amhara', 96140),
(763, 'FLK', 'Stanley', 'East Falkland', 1636),
(764, 'FJI', 'Suva', 'Central', 77366),
(765, 'PHL', 'Quezon', 'National Capital Reg', 2173831),
(766, 'PHL', 'Manila', 'National Capital Reg', 1581082),
(767, 'PHL', 'Kalookan', 'National Capital Reg', 1177604),
(768, 'PHL', 'Davao', 'Southern Mindanao', 1147116),
(769, 'PHL', 'Cebu', 'Central Visayas', 718821),
(770, 'PHL', 'Zamboanga', 'Western Mindanao', 601794),
(771, 'PHL', 'Pasig', 'National Capital Reg', 505058),
(772, 'PHL', 'Valenzuela', 'National Capital Reg', 485433),
(773, 'PHL', 'Las Piñas', 'National Capital Reg', 472780),
(774, 'PHL', 'Antipolo', 'Southern Tagalog', 470866),
(775, 'PHL', 'Taguig', 'National Capital Reg', 467375),
(776, 'PHL', 'Cagayan de Oro', 'Northern Mindanao', 461877),
(777, 'PHL', 'Parañaque', 'National Capital Reg', 449811),
(778, 'PHL', 'Makati', 'National Capital Reg', 444867),
(779, 'PHL', 'Bacolod', 'Western Visayas', 429076),
(780, 'PHL', 'General Santos', 'Southern Mindanao', 411822),
(781, 'PHL', 'Marikina', 'National Capital Reg', 391170),
(782, 'PHL', 'Dasmariñas', 'Southern Tagalog', 379520),
(783, 'PHL', 'Muntinlupa', 'National Capital Reg', 379310),
(784, 'PHL', 'Iloilo', 'Western Visayas', 365820),
(785, 'PHL', 'Pasay', 'National Capital Reg', 354908),
(786, 'PHL', 'Malabon', 'National Capital Reg', 338855),
(787, 'PHL', 'San José del Monte', 'Central Luzon', 315807),
(788, 'PHL', 'Bacoor', 'Southern Tagalog', 305699),
(789, 'PHL', 'Iligan', 'Central Mindanao', 285061),
(790, 'PHL', 'Calamba', 'Southern Tagalog', 281146),
(791, 'PHL', 'Mandaluyong', 'National Capital Reg', 278474),
(792, 'PHL', 'Butuan', 'Caraga', 267279),
(793, 'PHL', 'Angeles', 'Central Luzon', 263971),
(794, 'PHL', 'Tarlac', 'Central Luzon', 262481),
(795, 'PHL', 'Mandaue', 'Central Visayas', 259728),
(796, 'PHL', 'Baguio', 'CAR', 252386),
(797, 'PHL', 'Batangas', 'Southern Tagalog', 247588),
(798, 'PHL', 'Cainta', 'Southern Tagalog', 242511),
(799, 'PHL', 'San Pedro', 'Southern Tagalog', 231403),
(800, 'PHL', 'Navotas', 'National Capital Reg', 230403),
(801, 'PHL', 'Cabanatuan', 'Central Luzon', 222859),
(802, 'PHL', 'San Fernando', 'Central Luzon', 221857),
(803, 'PHL', 'Lipa', 'Southern Tagalog', 218447),
(804, 'PHL', 'Lapu-Lapu', 'Central Visayas', 217019),
(805, 'PHL', 'San Pablo', 'Southern Tagalog', 207927),
(806, 'PHL', 'Biñan', 'Southern Tagalog', 201186),
(807, 'PHL', 'Taytay', 'Southern Tagalog', 198183),
(808, 'PHL', 'Lucena', 'Southern Tagalog', 196075),
(809, 'PHL', 'Imus', 'Southern Tagalog', 195482),
(810, 'PHL', 'Olongapo', 'Central Luzon', 194260),
(811, 'PHL', 'Binangonan', 'Southern Tagalog', 187691),
(812, 'PHL', 'Santa Rosa', 'Southern Tagalog', 185633),
(813, 'PHL', 'Tagum', 'Southern Mindanao', 179531),
(814, 'PHL', 'Tacloban', 'Eastern Visayas', 178639),
(815, 'PHL', 'Malolos', 'Central Luzon', 175291),
(816, 'PHL', 'Mabalacat', 'Central Luzon', 171045),
(817, 'PHL', 'Cotabato', 'Central Mindanao', 163849),
(818, 'PHL', 'Meycauayan', 'Central Luzon', 163037),
(819, 'PHL', 'Puerto Princesa', 'Southern Tagalog', 161912),
(820, 'PHL', 'Legazpi', 'Bicol', 157010),
(821, 'PHL', 'Silang', 'Southern Tagalog', 156137),
(822, 'PHL', 'Ormoc', 'Eastern Visayas', 154297),
(823, 'PHL', 'San Carlos', 'Ilocos', 154264),
(824, 'PHL', 'Kabankalan', 'Western Visayas', 149769),
(825, 'PHL', 'Talisay', 'Central Visayas', 148110),
(826, 'PHL', 'Valencia', 'Northern Mindanao', 147924),
(827, 'PHL', 'Calbayog', 'Eastern Visayas', 147187),
(828, 'PHL', 'Santa Maria', 'Central Luzon', 144282),
(829, 'PHL', 'Pagadian', 'Western Mindanao', 142515),
(830, 'PHL', 'Cadiz', 'Western Visayas', 141954),
(831, 'PHL', 'Bago', 'Western Visayas', 141721),
(832, 'PHL', 'Toledo', 'Central Visayas', 141174),
(833, 'PHL', 'Naga', 'Bicol', 137810),
(834, 'PHL', 'San Mateo', 'Southern Tagalog', 135603),
(835, 'PHL', 'Panabo', 'Southern Mindanao', 133950),
(836, 'PHL', 'Koronadal', 'Southern Mindanao', 133786),
(837, 'PHL', 'Marawi', 'Central Mindanao', 131090),
(838, 'PHL', 'Dagupan', 'Ilocos', 130328),
(839, 'PHL', 'Sagay', 'Western Visayas', 129765),
(840, 'PHL', 'Roxas', 'Western Visayas', 126352),
(841, 'PHL', 'Lubao', 'Central Luzon', 125699),
(842, 'PHL', 'Digos', 'Southern Mindanao', 125171),
(843, 'PHL', 'San Miguel', 'Central Luzon', 123824),
(844, 'PHL', 'Malaybalay', 'Northern Mindanao', 123672),
(845, 'PHL', 'Tuguegarao', 'Cagayan Valley', 120645),
(846, 'PHL', 'Ilagan', 'Cagayan Valley', 119990),
(847, 'PHL', 'Baliuag', 'Central Luzon', 119675),
(848, 'PHL', 'Surigao', 'Caraga', 118534),
(849, 'PHL', 'San Carlos', 'Western Visayas', 118259),
(850, 'PHL', 'San Juan del Monte', 'National Capital Reg', 117680),
(851, 'PHL', 'Tanauan', 'Southern Tagalog', 117539),
(852, 'PHL', 'Concepcion', 'Central Luzon', 115171),
(853, 'PHL', 'Rodriguez (Montalban)', 'Southern Tagalog', 115167),
(854, 'PHL', 'Sariaya', 'Southern Tagalog', 114568),
(855, 'PHL', 'Malasiqui', 'Ilocos', 113190),
(856, 'PHL', 'General Mariano Alvarez', 'Southern Tagalog', 112446),
(857, 'PHL', 'Urdaneta', 'Ilocos', 111582),
(858, 'PHL', 'Hagonoy', 'Central Luzon', 111425),
(859, 'PHL', 'San Jose', 'Southern Tagalog', 111009),
(860, 'PHL', 'Polomolok', 'Southern Mindanao', 110709),
(861, 'PHL', 'Santiago', 'Cagayan Valley', 110531),
(862, 'PHL', 'Tanza', 'Southern Tagalog', 110517),
(863, 'PHL', 'Ozamis', 'Northern Mindanao', 110420),
(864, 'PHL', 'Mexico', 'Central Luzon', 109481),
(865, 'PHL', 'San Jose', 'Central Luzon', 108254),
(866, 'PHL', 'Silay', 'Western Visayas', 107722),
(867, 'PHL', 'General Trias', 'Southern Tagalog', 107691),
(868, 'PHL', 'Tabaco', 'Bicol', 107166),
(869, 'PHL', 'Cabuyao', 'Southern Tagalog', 106630),
(870, 'PHL', 'Calapan', 'Southern Tagalog', 105910),
(871, 'PHL', 'Mati', 'Southern Mindanao', 105908),
(872, 'PHL', 'Midsayap', 'Central Mindanao', 105760),
(873, 'PHL', 'Cauayan', 'Cagayan Valley', 103952),
(874, 'PHL', 'Gingoog', 'Northern Mindanao', 102379),
(875, 'PHL', 'Dumaguete', 'Central Visayas', 102265),
(876, 'PHL', 'San Fernando', 'Ilocos', 102082),
(877, 'PHL', 'Arayat', 'Central Luzon', 101792),
(878, 'PHL', 'Bayawan (Tulong)', 'Central Visayas', 101391),
(879, 'PHL', 'Kidapawan', 'Central Mindanao', 101205),
(880, 'PHL', 'Daraga (Locsin)', 'Bicol', 101031),
(881, 'PHL', 'Marilao', 'Central Luzon', 101017),
(882, 'PHL', 'Malita', 'Southern Mindanao', 100000),
(883, 'PHL', 'Dipolog', 'Western Mindanao', 99862),
(884, 'PHL', 'Cavite', 'Southern Tagalog', 99367),
(885, 'PHL', 'Danao', 'Central Visayas', 98781),
(886, 'PHL', 'Bislig', 'Caraga', 97860),
(887, 'PHL', 'Talavera', 'Central Luzon', 97329),
(888, 'PHL', 'Guagua', 'Central Luzon', 96858),
(889, 'PHL', 'Bayambang', 'Ilocos', 96609),
(890, 'PHL', 'Nasugbu', 'Southern Tagalog', 96113),
(891, 'PHL', 'Baybay', 'Eastern Visayas', 95630),
(892, 'PHL', 'Capas', 'Central Luzon', 95219),
(893, 'PHL', 'Sultan Kudarat', 'ARMM', 94861),
(894, 'PHL', 'Laoag', 'Ilocos', 94466),
(895, 'PHL', 'Bayugan', 'Caraga', 93623),
(896, 'PHL', 'Malungon', 'Southern Mindanao', 93232),
(897, 'PHL', 'Santa Cruz', 'Southern Tagalog', 92694),
(898, 'PHL', 'Sorsogon', 'Bicol', 92512),
(899, 'PHL', 'Candelaria', 'Southern Tagalog', 92429),
(900, 'PHL', 'Ligao', 'Bicol', 90603),
(901, 'FRO', 'Tórshavn', 'Streymoyar', 14542),
(902, 'GAB', 'Libreville', 'Estuaire', 419000),
(903, 'GMB', 'Serekunda', 'Kombo St Mary', 102600),
(904, 'GMB', 'Banjul', 'Banjul', 42326),
(905, 'GEO', 'Tbilisi', 'Tbilisi', 1235200),
(906, 'GEO', 'Kutaisi', 'Imereti', 240900),
(907, 'GEO', 'Rustavi', 'Kvemo Kartli', 155400),
(908, 'GEO', 'Batumi', 'Adzaria [Atšara]', 137700),
(909, 'GEO', 'Sohumi', 'Abhasia [Aphazeti]', 111700),
(910, 'GHA', 'Accra', 'Greater Accra', 1070000),
(911, 'GHA', 'Kumasi', 'Ashanti', 385192),
(912, 'GHA', 'Tamale', 'Northern', 151069),
(913, 'GHA', 'Tema', 'Greater Accra', 109975),
(914, 'GHA', 'Sekondi-Takoradi', 'Western', 103653),
(915, 'GIB', 'Gibraltar', '–', 27025),
(916, 'GRD', 'Saint George´s', 'St George', 4621),
(917, 'GRL', 'Nuuk', 'Kitaa', 13445),
(918, 'GLP', 'Les Abymes', 'Grande-Terre', 62947),
(919, 'GLP', 'Basse-Terre', 'Basse-Terre', 12433),
(920, 'GUM', 'Tamuning', '–', 9500),
(921, 'GUM', 'Agaña', '–', 1139),
(922, 'GTM', 'Ciudad de Guatemala', 'Guatemala', 823301),
(923, 'GTM', 'Mixco', 'Guatemala', 209791),
(924, 'GTM', 'Villa Nueva', 'Guatemala', 101295),
(925, 'GTM', 'Quetzaltenango', 'Quetzaltenango', 90801),
(926, 'GIN', 'Conakry', 'Conakry', 1090610),
(927, 'GNB', 'Bissau', 'Bissau', 241000),
(928, 'GUY', 'Georgetown', 'Georgetown', 254000),
(929, 'HTI', 'Port-au-Prince', 'Ouest', 884472),
(930, 'HTI', 'Carrefour', 'Ouest', 290204),
(931, 'HTI', 'Delmas', 'Ouest', 240429),
(932, 'HTI', 'Le-Cap-Haïtien', 'Nord', 102233),
(933, 'HND', 'Tegucigalpa', 'Distrito Central', 813900),
(934, 'HND', 'San Pedro Sula', 'Cortés', 383900),
(935, 'HND', 'La Ceiba', 'Atlántida', 89200),
(936, 'HKG', 'Kowloon and New Kowloon', 'Kowloon and New Kowl', 1987996),
(937, 'HKG', 'Victoria', 'Hongkong', 1312637),
(938, 'SJM', 'Longyearbyen', 'Länsimaa', 1438),
(939, 'IDN', 'Jakarta', 'Jakarta Raya', 9604900),
(940, 'IDN', 'Surabaya', 'East Java', 2663820),
(941, 'IDN', 'Bandung', 'West Java', 2429000),
(942, 'IDN', 'Medan', 'Sumatera Utara', 1843919),
(943, 'IDN', 'Palembang', 'Sumatera Selatan', 1222764),
(944, 'IDN', 'Tangerang', 'West Java', 1198300),
(945, 'IDN', 'Semarang', 'Central Java', 1104405),
(946, 'IDN', 'Ujung Pandang', 'Sulawesi Selatan', 1060257),
(947, 'IDN', 'Malang', 'East Java', 716862),
(948, 'IDN', 'Bandar Lampung', 'Lampung', 680332),
(949, 'IDN', 'Bekasi', 'West Java', 644300),
(950, 'IDN', 'Padang', 'Sumatera Barat', 534474),
(951, 'IDN', 'Surakarta', 'Central Java', 518600),
(952, 'IDN', 'Banjarmasin', 'Kalimantan Selatan', 482931),
(953, 'IDN', 'Pekan Baru', 'Riau', 438638),
(954, 'IDN', 'Denpasar', 'Bali', 435000),
(955, 'IDN', 'Yogyakarta', 'Yogyakarta', 418944),
(956, 'IDN', 'Pontianak', 'Kalimantan Barat', 409632),
(957, 'IDN', 'Samarinda', 'Kalimantan Timur', 399175),
(958, 'IDN', 'Jambi', 'Jambi', 385201),
(959, 'IDN', 'Depok', 'West Java', 365200),
(960, 'IDN', 'Cimahi', 'West Java', 344600),
(961, 'IDN', 'Balikpapan', 'Kalimantan Timur', 338752),
(962, 'IDN', 'Manado', 'Sulawesi Utara', 332288),
(963, 'IDN', 'Mataram', 'Nusa Tenggara Barat', 306600),
(964, 'IDN', 'Pekalongan', 'Central Java', 301504),
(965, 'IDN', 'Tegal', 'Central Java', 289744),
(966, 'IDN', 'Bogor', 'West Java', 285114),
(967, 'IDN', 'Ciputat', 'West Java', 270800),
(968, 'IDN', 'Pondokgede', 'West Java', 263200),
(969, 'IDN', 'Cirebon', 'West Java', 254406),
(970, 'IDN', 'Kediri', 'East Java', 253760),
(971, 'IDN', 'Ambon', 'Molukit', 249312),
(972, 'IDN', 'Jember', 'East Java', 218500),
(973, 'IDN', 'Cilacap', 'Central Java', 206900),
(974, 'IDN', 'Cimanggis', 'West Java', 205100),
(975, 'IDN', 'Pematang Siantar', 'Sumatera Utara', 203056),
(976, 'IDN', 'Purwokerto', 'Central Java', 202500),
(977, 'IDN', 'Ciomas', 'West Java', 187400),
(978, 'IDN', 'Tasikmalaya', 'West Java', 179800),
(979, 'IDN', 'Madiun', 'East Java', 171532),
(980, 'IDN', 'Bengkulu', 'Bengkulu', 146439),
(981, 'IDN', 'Karawang', 'West Java', 145000),
(982, 'IDN', 'Banda Aceh', 'Aceh', 143409),
(983, 'IDN', 'Palu', 'Sulawesi Tengah', 142800),
(984, 'IDN', 'Pasuruan', 'East Java', 134019),
(985, 'IDN', 'Kupang', 'Nusa Tenggara Timur', 129300),
(986, 'IDN', 'Tebing Tinggi', 'Sumatera Utara', 129300),
(987, 'IDN', 'Percut Sei Tuan', 'Sumatera Utara', 129000),
(988, 'IDN', 'Binjai', 'Sumatera Utara', 127222),
(989, 'IDN', 'Sukabumi', 'West Java', 125766),
(990, 'IDN', 'Waru', 'East Java', 124300),
(991, 'IDN', 'Pangkal Pinang', 'Sumatera Selatan', 124000),
(992, 'IDN', 'Magelang', 'Central Java', 123800),
(993, 'IDN', 'Blitar', 'East Java', 122600),
(994, 'IDN', 'Serang', 'West Java', 122400),
(995, 'IDN', 'Probolinggo', 'East Java', 120770),
(996, 'IDN', 'Cilegon', 'West Java', 117000),
(997, 'IDN', 'Cianjur', 'West Java', 114300),
(998, 'IDN', 'Ciparay', 'West Java', 111500),
(999, 'IDN', 'Lhokseumawe', 'Aceh', 109600),
(1000, 'IDN', 'Taman', 'East Java', 107000),
(1001, 'IDN', 'Depok', 'Yogyakarta', 106800),
(1002, 'IDN', 'Citeureup', 'West Java', 105100),
(1003, 'IDN', 'Pemalang', 'Central Java', 103500),
(1004, 'IDN', 'Klaten', 'Central Java', 103300),
(1005, 'IDN', 'Salatiga', 'Central Java', 103000),
(1006, 'IDN', 'Cibinong', 'West Java', 101300),
(1007, 'IDN', 'Palangka Raya', 'Kalimantan Tengah', 99693),
(1008, 'IDN', 'Mojokerto', 'East Java', 96626),
(1009, 'IDN', 'Purwakarta', 'West Java', 95900),
(1010, 'IDN', 'Garut', 'West Java', 95800),
(1011, 'IDN', 'Kudus', 'Central Java', 95300),
(1012, 'IDN', 'Kendari', 'Sulawesi Tenggara', 94800),
(1013, 'IDN', 'Jaya Pura', 'West Irian', 94700),
(1014, 'IDN', 'Gorontalo', 'Sulawesi Utara', 94058),
(1015, 'IDN', 'Majalaya', 'West Java', 93200),
(1016, 'IDN', 'Pondok Aren', 'West Java', 92700),
(1017, 'IDN', 'Jombang', 'East Java', 92600),
(1018, 'IDN', 'Sunggal', 'Sumatera Utara', 92300),
(1019, 'IDN', 'Batam', 'Riau', 91871),
(1020, 'IDN', 'Padang Sidempuan', 'Sumatera Utara', 91200),
(1021, 'IDN', 'Sawangan', 'West Java', 91100),
(1022, 'IDN', 'Banyuwangi', 'East Java', 89900),
(1023, 'IDN', 'Tanjung Pinang', 'Riau', 89900),
(1024, 'IND', 'Mumbai (Bombay)', 'Maharashtra', 10500000),
(1025, 'IND', 'Delhi', 'Delhi', 7206704),
(1026, 'IND', 'Calcutta [Kolkata]', 'West Bengali', 4399819),
(1027, 'IND', 'Chennai (Madras)', 'Tamil Nadu', 3841396),
(1028, 'IND', 'Hyderabad', 'Andhra Pradesh', 2964638),
(1029, 'IND', 'Ahmedabad', 'Gujarat', 2876710),
(1030, 'IND', 'Bangalore', 'Karnataka', 2660088),
(1031, 'IND', 'Kanpur', 'Uttar Pradesh', 1874409),
(1032, 'IND', 'Nagpur', 'Maharashtra', 1624752),
(1033, 'IND', 'Lucknow', 'Uttar Pradesh', 1619115),
(1034, 'IND', 'Pune', 'Maharashtra', 1566651),
(1035, 'IND', 'Surat', 'Gujarat', 1498817),
(1036, 'IND', 'Jaipur', 'Rajasthan', 1458483),
(1037, 'IND', 'Indore', 'Madhya Pradesh', 1091674),
(1038, 'IND', 'Bhopal', 'Madhya Pradesh', 1062771),
(1039, 'IND', 'Ludhiana', 'Punjab', 1042740),
(1040, 'IND', 'Vadodara (Baroda)', 'Gujarat', 1031346),
(1041, 'IND', 'Kalyan', 'Maharashtra', 1014557),
(1042, 'IND', 'Madurai', 'Tamil Nadu', 977856),
(1043, 'IND', 'Haora (Howrah)', 'West Bengali', 950435),
(1044, 'IND', 'Varanasi (Benares)', 'Uttar Pradesh', 929270),
(1045, 'IND', 'Patna', 'Bihar', 917243),
(1046, 'IND', 'Srinagar', 'Jammu and Kashmir', 892506),
(1047, 'IND', 'Agra', 'Uttar Pradesh', 891790),
(1048, 'IND', 'Coimbatore', 'Tamil Nadu', 816321),
(1049, 'IND', 'Thane (Thana)', 'Maharashtra', 803389),
(1050, 'IND', 'Allahabad', 'Uttar Pradesh', 792858),
(1051, 'IND', 'Meerut', 'Uttar Pradesh', 753778),
(1052, 'IND', 'Vishakhapatnam', 'Andhra Pradesh', 752037),
(1053, 'IND', 'Jabalpur', 'Madhya Pradesh', 741927),
(1054, 'IND', 'Amritsar', 'Punjab', 708835),
(1055, 'IND', 'Faridabad', 'Haryana', 703592),
(1056, 'IND', 'Vijayawada', 'Andhra Pradesh', 701827),
(1057, 'IND', 'Gwalior', 'Madhya Pradesh', 690765),
(1058, 'IND', 'Jodhpur', 'Rajasthan', 666279),
(1059, 'IND', 'Nashik (Nasik)', 'Maharashtra', 656925),
(1060, 'IND', 'Hubli-Dharwad', 'Karnataka', 648298);
INSERT INTO `cities` (`id`, `country_code`, `name`, `district`, `population`) VALUES
(1061, 'IND', 'Solapur (Sholapur)', 'Maharashtra', 604215),
(1062, 'IND', 'Ranchi', 'Jharkhand', 599306),
(1063, 'IND', 'Bareilly', 'Uttar Pradesh', 587211),
(1064, 'IND', 'Guwahati (Gauhati)', 'Assam', 584342),
(1065, 'IND', 'Shambajinagar (Aurangabad)', 'Maharashtra', 573272),
(1066, 'IND', 'Cochin (Kochi)', 'Kerala', 564589),
(1067, 'IND', 'Rajkot', 'Gujarat', 559407),
(1068, 'IND', 'Kota', 'Rajasthan', 537371),
(1069, 'IND', 'Thiruvananthapuram (Trivandrum', 'Kerala', 524006),
(1070, 'IND', 'Pimpri-Chinchwad', 'Maharashtra', 517083),
(1071, 'IND', 'Jalandhar (Jullundur)', 'Punjab', 509510),
(1072, 'IND', 'Gorakhpur', 'Uttar Pradesh', 505566),
(1073, 'IND', 'Chandigarh', 'Chandigarh', 504094),
(1074, 'IND', 'Mysore', 'Karnataka', 480692),
(1075, 'IND', 'Aligarh', 'Uttar Pradesh', 480520),
(1076, 'IND', 'Guntur', 'Andhra Pradesh', 471051),
(1077, 'IND', 'Jamshedpur', 'Jharkhand', 460577),
(1078, 'IND', 'Ghaziabad', 'Uttar Pradesh', 454156),
(1079, 'IND', 'Warangal', 'Andhra Pradesh', 447657),
(1080, 'IND', 'Raipur', 'Chhatisgarh', 438639),
(1081, 'IND', 'Moradabad', 'Uttar Pradesh', 429214),
(1082, 'IND', 'Durgapur', 'West Bengali', 425836),
(1083, 'IND', 'Amravati', 'Maharashtra', 421576),
(1084, 'IND', 'Calicut (Kozhikode)', 'Kerala', 419831),
(1085, 'IND', 'Bikaner', 'Rajasthan', 416289),
(1086, 'IND', 'Bhubaneswar', 'Orissa', 411542),
(1087, 'IND', 'Kolhapur', 'Maharashtra', 406370),
(1088, 'IND', 'Kataka (Cuttack)', 'Orissa', 403418),
(1089, 'IND', 'Ajmer', 'Rajasthan', 402700),
(1090, 'IND', 'Bhavnagar', 'Gujarat', 402338),
(1091, 'IND', 'Tiruchirapalli', 'Tamil Nadu', 387223),
(1092, 'IND', 'Bhilai', 'Chhatisgarh', 386159),
(1093, 'IND', 'Bhiwandi', 'Maharashtra', 379070),
(1094, 'IND', 'Saharanpur', 'Uttar Pradesh', 374945),
(1095, 'IND', 'Ulhasnagar', 'Maharashtra', 369077),
(1096, 'IND', 'Salem', 'Tamil Nadu', 366712),
(1097, 'IND', 'Ujjain', 'Madhya Pradesh', 362266),
(1098, 'IND', 'Malegaon', 'Maharashtra', 342595),
(1099, 'IND', 'Jamnagar', 'Gujarat', 341637),
(1100, 'IND', 'Bokaro Steel City', 'Jharkhand', 333683),
(1101, 'IND', 'Akola', 'Maharashtra', 328034),
(1102, 'IND', 'Belgaum', 'Karnataka', 326399),
(1103, 'IND', 'Rajahmundry', 'Andhra Pradesh', 324851),
(1104, 'IND', 'Nellore', 'Andhra Pradesh', 316606),
(1105, 'IND', 'Udaipur', 'Rajasthan', 308571),
(1106, 'IND', 'New Bombay', 'Maharashtra', 307297),
(1107, 'IND', 'Bhatpara', 'West Bengali', 304952),
(1108, 'IND', 'Gulbarga', 'Karnataka', 304099),
(1109, 'IND', 'New Delhi', 'Delhi', 301297),
(1110, 'IND', 'Jhansi', 'Uttar Pradesh', 300850),
(1111, 'IND', 'Gaya', 'Bihar', 291675),
(1112, 'IND', 'Kakinada', 'Andhra Pradesh', 279980),
(1113, 'IND', 'Dhule (Dhulia)', 'Maharashtra', 278317),
(1114, 'IND', 'Panihati', 'West Bengali', 275990),
(1115, 'IND', 'Nanded (Nander)', 'Maharashtra', 275083),
(1116, 'IND', 'Mangalore', 'Karnataka', 273304),
(1117, 'IND', 'Dehra Dun', 'Uttaranchal', 270159),
(1118, 'IND', 'Kamarhati', 'West Bengali', 266889),
(1119, 'IND', 'Davangere', 'Karnataka', 266082),
(1120, 'IND', 'Asansol', 'West Bengali', 262188),
(1121, 'IND', 'Bhagalpur', 'Bihar', 253225),
(1122, 'IND', 'Bellary', 'Karnataka', 245391),
(1123, 'IND', 'Barddhaman (Burdwan)', 'West Bengali', 245079),
(1124, 'IND', 'Rampur', 'Uttar Pradesh', 243742),
(1125, 'IND', 'Jalgaon', 'Maharashtra', 242193),
(1126, 'IND', 'Muzaffarpur', 'Bihar', 241107),
(1127, 'IND', 'Nizamabad', 'Andhra Pradesh', 241034),
(1128, 'IND', 'Muzaffarnagar', 'Uttar Pradesh', 240609),
(1129, 'IND', 'Patiala', 'Punjab', 238368),
(1130, 'IND', 'Shahjahanpur', 'Uttar Pradesh', 237713),
(1131, 'IND', 'Kurnool', 'Andhra Pradesh', 236800),
(1132, 'IND', 'Tiruppur (Tirupper)', 'Tamil Nadu', 235661),
(1133, 'IND', 'Rohtak', 'Haryana', 233400),
(1134, 'IND', 'South Dum Dum', 'West Bengali', 232811),
(1135, 'IND', 'Mathura', 'Uttar Pradesh', 226691),
(1136, 'IND', 'Chandrapur', 'Maharashtra', 226105),
(1137, 'IND', 'Barahanagar (Baranagar)', 'West Bengali', 224821),
(1138, 'IND', 'Darbhanga', 'Bihar', 218391),
(1139, 'IND', 'Siliguri (Shiliguri)', 'West Bengali', 216950),
(1140, 'IND', 'Raurkela', 'Orissa', 215489),
(1141, 'IND', 'Ambattur', 'Tamil Nadu', 215424),
(1142, 'IND', 'Panipat', 'Haryana', 215218),
(1143, 'IND', 'Firozabad', 'Uttar Pradesh', 215128),
(1144, 'IND', 'Ichalkaranji', 'Maharashtra', 214950),
(1145, 'IND', 'Jammu', 'Jammu and Kashmir', 214737),
(1146, 'IND', 'Ramagundam', 'Andhra Pradesh', 214384),
(1147, 'IND', 'Eluru', 'Andhra Pradesh', 212866),
(1148, 'IND', 'Brahmapur', 'Orissa', 210418),
(1149, 'IND', 'Alwar', 'Rajasthan', 205086),
(1150, 'IND', 'Pondicherry', 'Pondicherry', 203065),
(1151, 'IND', 'Thanjavur', 'Tamil Nadu', 202013),
(1152, 'IND', 'Bihar Sharif', 'Bihar', 201323),
(1153, 'IND', 'Tuticorin', 'Tamil Nadu', 199854),
(1154, 'IND', 'Imphal', 'Manipur', 198535),
(1155, 'IND', 'Latur', 'Maharashtra', 197408),
(1156, 'IND', 'Sagar', 'Madhya Pradesh', 195346),
(1157, 'IND', 'Farrukhabad-cum-Fatehgarh', 'Uttar Pradesh', 194567),
(1158, 'IND', 'Sangli', 'Maharashtra', 193197),
(1159, 'IND', 'Parbhani', 'Maharashtra', 190255),
(1160, 'IND', 'Nagar Coil', 'Tamil Nadu', 190084),
(1161, 'IND', 'Bijapur', 'Karnataka', 186939),
(1162, 'IND', 'Kukatpalle', 'Andhra Pradesh', 185378),
(1163, 'IND', 'Bally', 'West Bengali', 184474),
(1164, 'IND', 'Bhilwara', 'Rajasthan', 183965),
(1165, 'IND', 'Ratlam', 'Madhya Pradesh', 183375),
(1166, 'IND', 'Avadi', 'Tamil Nadu', 183215),
(1167, 'IND', 'Dindigul', 'Tamil Nadu', 182477),
(1168, 'IND', 'Ahmadnagar', 'Maharashtra', 181339),
(1169, 'IND', 'Bilaspur', 'Chhatisgarh', 179833),
(1170, 'IND', 'Shimoga', 'Karnataka', 179258),
(1171, 'IND', 'Kharagpur', 'West Bengali', 177989),
(1172, 'IND', 'Mira Bhayandar', 'Maharashtra', 175372),
(1173, 'IND', 'Vellore', 'Tamil Nadu', 175061),
(1174, 'IND', 'Jalna', 'Maharashtra', 174985),
(1175, 'IND', 'Burnpur', 'West Bengali', 174933),
(1176, 'IND', 'Anantapur', 'Andhra Pradesh', 174924),
(1177, 'IND', 'Allappuzha (Alleppey)', 'Kerala', 174666),
(1178, 'IND', 'Tirupati', 'Andhra Pradesh', 174369),
(1179, 'IND', 'Karnal', 'Haryana', 173751),
(1180, 'IND', 'Burhanpur', 'Madhya Pradesh', 172710),
(1181, 'IND', 'Hisar (Hissar)', 'Haryana', 172677),
(1182, 'IND', 'Tiruvottiyur', 'Tamil Nadu', 172562),
(1183, 'IND', 'Mirzapur-cum-Vindhyachal', 'Uttar Pradesh', 169336),
(1184, 'IND', 'Secunderabad', 'Andhra Pradesh', 167461),
(1185, 'IND', 'Nadiad', 'Gujarat', 167051),
(1186, 'IND', 'Dewas', 'Madhya Pradesh', 164364),
(1187, 'IND', 'Murwara (Katni)', 'Madhya Pradesh', 163431),
(1188, 'IND', 'Ganganagar', 'Rajasthan', 161482),
(1189, 'IND', 'Vizianagaram', 'Andhra Pradesh', 160359),
(1190, 'IND', 'Erode', 'Tamil Nadu', 159232),
(1191, 'IND', 'Machilipatnam (Masulipatam)', 'Andhra Pradesh', 159110),
(1192, 'IND', 'Bhatinda (Bathinda)', 'Punjab', 159042),
(1193, 'IND', 'Raichur', 'Karnataka', 157551),
(1194, 'IND', 'Agartala', 'Tripura', 157358),
(1195, 'IND', 'Arrah (Ara)', 'Bihar', 157082),
(1196, 'IND', 'Satna', 'Madhya Pradesh', 156630),
(1197, 'IND', 'Lalbahadur Nagar', 'Andhra Pradesh', 155500),
(1198, 'IND', 'Aizawl', 'Mizoram', 155240),
(1199, 'IND', 'Uluberia', 'West Bengali', 155172),
(1200, 'IND', 'Katihar', 'Bihar', 154367),
(1201, 'IND', 'Cuddalore', 'Tamil Nadu', 153086),
(1202, 'IND', 'Hugli-Chinsurah', 'West Bengali', 151806),
(1203, 'IND', 'Dhanbad', 'Jharkhand', 151789),
(1204, 'IND', 'Raiganj', 'West Bengali', 151045),
(1205, 'IND', 'Sambhal', 'Uttar Pradesh', 150869),
(1206, 'IND', 'Durg', 'Chhatisgarh', 150645),
(1207, 'IND', 'Munger (Monghyr)', 'Bihar', 150112),
(1208, 'IND', 'Kanchipuram', 'Tamil Nadu', 150100),
(1209, 'IND', 'North Dum Dum', 'West Bengali', 149965),
(1210, 'IND', 'Karimnagar', 'Andhra Pradesh', 148583),
(1211, 'IND', 'Bharatpur', 'Rajasthan', 148519),
(1212, 'IND', 'Sikar', 'Rajasthan', 148272),
(1213, 'IND', 'Hardwar (Haridwar)', 'Uttaranchal', 147305),
(1214, 'IND', 'Dabgram', 'West Bengali', 147217),
(1215, 'IND', 'Morena', 'Madhya Pradesh', 147124),
(1216, 'IND', 'Noida', 'Uttar Pradesh', 146514),
(1217, 'IND', 'Hapur', 'Uttar Pradesh', 146262),
(1218, 'IND', 'Bhusawal', 'Maharashtra', 145143),
(1219, 'IND', 'Khandwa', 'Madhya Pradesh', 145133),
(1220, 'IND', 'Yamuna Nagar', 'Haryana', 144346),
(1221, 'IND', 'Sonipat (Sonepat)', 'Haryana', 143922),
(1222, 'IND', 'Tenali', 'Andhra Pradesh', 143726),
(1223, 'IND', 'Raurkela Civil Township', 'Orissa', 140408),
(1224, 'IND', 'Kollam (Quilon)', 'Kerala', 139852),
(1225, 'IND', 'Kumbakonam', 'Tamil Nadu', 139483),
(1226, 'IND', 'Ingraj Bazar (English Bazar)', 'West Bengali', 139204),
(1227, 'IND', 'Timkur', 'Karnataka', 138903),
(1228, 'IND', 'Amroha', 'Uttar Pradesh', 137061),
(1229, 'IND', 'Serampore', 'West Bengali', 137028),
(1230, 'IND', 'Chapra', 'Bihar', 136877),
(1231, 'IND', 'Pali', 'Rajasthan', 136842),
(1232, 'IND', 'Maunath Bhanjan', 'Uttar Pradesh', 136697),
(1233, 'IND', 'Adoni', 'Andhra Pradesh', 136182),
(1234, 'IND', 'Jaunpur', 'Uttar Pradesh', 136062),
(1235, 'IND', 'Tirunelveli', 'Tamil Nadu', 135825),
(1236, 'IND', 'Bahraich', 'Uttar Pradesh', 135400),
(1237, 'IND', 'Gadag Betigeri', 'Karnataka', 134051),
(1238, 'IND', 'Proddatur', 'Andhra Pradesh', 133914),
(1239, 'IND', 'Chittoor', 'Andhra Pradesh', 133462),
(1240, 'IND', 'Barrackpur', 'West Bengali', 133265),
(1241, 'IND', 'Bharuch (Broach)', 'Gujarat', 133102),
(1242, 'IND', 'Naihati', 'West Bengali', 132701),
(1243, 'IND', 'Shillong', 'Meghalaya', 131719),
(1244, 'IND', 'Sambalpur', 'Orissa', 131138),
(1245, 'IND', 'Junagadh', 'Gujarat', 130484),
(1246, 'IND', 'Rae Bareli', 'Uttar Pradesh', 129904),
(1247, 'IND', 'Rewa', 'Madhya Pradesh', 128981),
(1248, 'IND', 'Gurgaon', 'Haryana', 128608),
(1249, 'IND', 'Khammam', 'Andhra Pradesh', 127992),
(1250, 'IND', 'Bulandshahr', 'Uttar Pradesh', 127201),
(1251, 'IND', 'Navsari', 'Gujarat', 126089),
(1252, 'IND', 'Malkajgiri', 'Andhra Pradesh', 126066),
(1253, 'IND', 'Midnapore (Medinipur)', 'West Bengali', 125498),
(1254, 'IND', 'Miraj', 'Maharashtra', 125407),
(1255, 'IND', 'Raj Nandgaon', 'Chhatisgarh', 125371),
(1256, 'IND', 'Alandur', 'Tamil Nadu', 125244),
(1257, 'IND', 'Puri', 'Orissa', 125199),
(1258, 'IND', 'Navadwip', 'West Bengali', 125037),
(1259, 'IND', 'Sirsa', 'Haryana', 125000),
(1260, 'IND', 'Korba', 'Chhatisgarh', 124501),
(1261, 'IND', 'Faizabad', 'Uttar Pradesh', 124437),
(1262, 'IND', 'Etawah', 'Uttar Pradesh', 124072),
(1263, 'IND', 'Pathankot', 'Punjab', 123930),
(1264, 'IND', 'Gandhinagar', 'Gujarat', 123359),
(1265, 'IND', 'Palghat (Palakkad)', 'Kerala', 123289),
(1266, 'IND', 'Veraval', 'Gujarat', 123000),
(1267, 'IND', 'Hoshiarpur', 'Punjab', 122705),
(1268, 'IND', 'Ambala', 'Haryana', 122596),
(1269, 'IND', 'Sitapur', 'Uttar Pradesh', 121842),
(1270, 'IND', 'Bhiwani', 'Haryana', 121629),
(1271, 'IND', 'Cuddapah', 'Andhra Pradesh', 121463),
(1272, 'IND', 'Bhimavaram', 'Andhra Pradesh', 121314),
(1273, 'IND', 'Krishnanagar', 'West Bengali', 121110),
(1274, 'IND', 'Chandannagar', 'West Bengali', 120378),
(1275, 'IND', 'Mandya', 'Karnataka', 120265),
(1276, 'IND', 'Dibrugarh', 'Assam', 120127),
(1277, 'IND', 'Nandyal', 'Andhra Pradesh', 119813),
(1278, 'IND', 'Balurghat', 'West Bengali', 119796),
(1279, 'IND', 'Neyveli', 'Tamil Nadu', 118080),
(1280, 'IND', 'Fatehpur', 'Uttar Pradesh', 117675),
(1281, 'IND', 'Mahbubnagar', 'Andhra Pradesh', 116833),
(1282, 'IND', 'Budaun', 'Uttar Pradesh', 116695),
(1283, 'IND', 'Porbandar', 'Gujarat', 116671),
(1284, 'IND', 'Silchar', 'Assam', 115483),
(1285, 'IND', 'Berhampore (Baharampur)', 'West Bengali', 115144),
(1286, 'IND', 'Purnea (Purnia)', 'Jharkhand', 114912),
(1287, 'IND', 'Bankura', 'West Bengali', 114876),
(1288, 'IND', 'Rajapalaiyam', 'Tamil Nadu', 114202),
(1289, 'IND', 'Titagarh', 'West Bengali', 114085),
(1290, 'IND', 'Halisahar', 'West Bengali', 114028),
(1291, 'IND', 'Hathras', 'Uttar Pradesh', 113285),
(1292, 'IND', 'Bhir (Bid)', 'Maharashtra', 112434),
(1293, 'IND', 'Pallavaram', 'Tamil Nadu', 111866),
(1294, 'IND', 'Anand', 'Gujarat', 110266),
(1295, 'IND', 'Mango', 'Jharkhand', 110024),
(1296, 'IND', 'Santipur', 'West Bengali', 109956),
(1297, 'IND', 'Bhind', 'Madhya Pradesh', 109755),
(1298, 'IND', 'Gondiya', 'Maharashtra', 109470),
(1299, 'IND', 'Tiruvannamalai', 'Tamil Nadu', 109196),
(1300, 'IND', 'Yeotmal (Yavatmal)', 'Maharashtra', 108578),
(1301, 'IND', 'Kulti-Barakar', 'West Bengali', 108518),
(1302, 'IND', 'Moga', 'Punjab', 108304),
(1303, 'IND', 'Shivapuri', 'Madhya Pradesh', 108277),
(1304, 'IND', 'Bidar', 'Karnataka', 108016),
(1305, 'IND', 'Guntakal', 'Andhra Pradesh', 107592),
(1306, 'IND', 'Unnao', 'Uttar Pradesh', 107425),
(1307, 'IND', 'Barasat', 'West Bengali', 107365),
(1308, 'IND', 'Tambaram', 'Tamil Nadu', 107187),
(1309, 'IND', 'Abohar', 'Punjab', 107163),
(1310, 'IND', 'Pilibhit', 'Uttar Pradesh', 106605),
(1311, 'IND', 'Valparai', 'Tamil Nadu', 106523),
(1312, 'IND', 'Gonda', 'Uttar Pradesh', 106078),
(1313, 'IND', 'Surendranagar', 'Gujarat', 105973),
(1314, 'IND', 'Qutubullapur', 'Andhra Pradesh', 105380),
(1315, 'IND', 'Beawar', 'Rajasthan', 105363),
(1316, 'IND', 'Hindupur', 'Andhra Pradesh', 104651),
(1317, 'IND', 'Gandhidham', 'Gujarat', 104585),
(1318, 'IND', 'Haldwani-cum-Kathgodam', 'Uttaranchal', 104195),
(1319, 'IND', 'Tellicherry (Thalassery)', 'Kerala', 103579),
(1320, 'IND', 'Wardha', 'Maharashtra', 102985),
(1321, 'IND', 'Rishra', 'West Bengali', 102649),
(1322, 'IND', 'Bhuj', 'Gujarat', 102176),
(1323, 'IND', 'Modinagar', 'Uttar Pradesh', 101660),
(1324, 'IND', 'Gudivada', 'Andhra Pradesh', 101656),
(1325, 'IND', 'Basirhat', 'West Bengali', 101409),
(1326, 'IND', 'Uttarpara-Kotrung', 'West Bengali', 100867),
(1327, 'IND', 'Ongole', 'Andhra Pradesh', 100836),
(1328, 'IND', 'North Barrackpur', 'West Bengali', 100513),
(1329, 'IND', 'Guna', 'Madhya Pradesh', 100490),
(1330, 'IND', 'Haldia', 'West Bengali', 100347),
(1331, 'IND', 'Habra', 'West Bengali', 100223),
(1332, 'IND', 'Kanchrapara', 'West Bengali', 100194),
(1333, 'IND', 'Tonk', 'Rajasthan', 100079),
(1334, 'IND', 'Champdani', 'West Bengali', 98818),
(1335, 'IND', 'Orai', 'Uttar Pradesh', 98640),
(1336, 'IND', 'Pudukkottai', 'Tamil Nadu', 98619),
(1337, 'IND', 'Sasaram', 'Bihar', 98220),
(1338, 'IND', 'Hazaribag', 'Jharkhand', 97712),
(1339, 'IND', 'Palayankottai', 'Tamil Nadu', 97662),
(1340, 'IND', 'Banda', 'Uttar Pradesh', 97227),
(1341, 'IND', 'Godhra', 'Gujarat', 96813),
(1342, 'IND', 'Hospet', 'Karnataka', 96322),
(1343, 'IND', 'Ashoknagar-Kalyangarh', 'West Bengali', 96315),
(1344, 'IND', 'Achalpur', 'Maharashtra', 96216),
(1345, 'IND', 'Patan', 'Gujarat', 96109),
(1346, 'IND', 'Mandasor', 'Madhya Pradesh', 95758),
(1347, 'IND', 'Damoh', 'Madhya Pradesh', 95661),
(1348, 'IND', 'Satara', 'Maharashtra', 95133),
(1349, 'IND', 'Meerut Cantonment', 'Uttar Pradesh', 94876),
(1350, 'IND', 'Dehri', 'Bihar', 94526),
(1351, 'IND', 'Delhi Cantonment', 'Delhi', 94326),
(1352, 'IND', 'Chhindwara', 'Madhya Pradesh', 93731),
(1353, 'IND', 'Bansberia', 'West Bengali', 93447),
(1354, 'IND', 'Nagaon', 'Assam', 93350),
(1355, 'IND', 'Kanpur Cantonment', 'Uttar Pradesh', 93109),
(1356, 'IND', 'Vidisha', 'Madhya Pradesh', 92917),
(1357, 'IND', 'Bettiah', 'Bihar', 92583),
(1358, 'IND', 'Purulia', 'Jharkhand', 92574),
(1359, 'IND', 'Hassan', 'Karnataka', 90803),
(1360, 'IND', 'Ambala Sadar', 'Haryana', 90712),
(1361, 'IND', 'Baidyabati', 'West Bengali', 90601),
(1362, 'IND', 'Morvi', 'Gujarat', 90357),
(1363, 'IND', 'Raigarh', 'Chhatisgarh', 89166),
(1364, 'IND', 'Vejalpur', 'Gujarat', 89053),
(1365, 'IRQ', 'Baghdad', 'Baghdad', 4336000),
(1366, 'IRQ', 'Mosul', 'Ninawa', 879000),
(1367, 'IRQ', 'Irbil', 'Irbil', 485968),
(1368, 'IRQ', 'Kirkuk', 'al-Tamim', 418624),
(1369, 'IRQ', 'Basra', 'Basra', 406296),
(1370, 'IRQ', 'al-Sulaymaniya', 'al-Sulaymaniya', 364096),
(1371, 'IRQ', 'al-Najaf', 'al-Najaf', 309010),
(1372, 'IRQ', 'Karbala', 'Karbala', 296705),
(1373, 'IRQ', 'al-Hilla', 'Babil', 268834),
(1374, 'IRQ', 'al-Nasiriya', 'DhiQar', 265937),
(1375, 'IRQ', 'al-Amara', 'Maysan', 208797),
(1376, 'IRQ', 'al-Diwaniya', 'al-Qadisiya', 196519),
(1377, 'IRQ', 'al-Ramadi', 'al-Anbar', 192556),
(1378, 'IRQ', 'al-Kut', 'Wasit', 183183),
(1379, 'IRQ', 'Baquba', 'Diyala', 114516),
(1380, 'IRN', 'Teheran', 'Teheran', 6758845),
(1381, 'IRN', 'Mashhad', 'Khorasan', 1887405),
(1382, 'IRN', 'Esfahan', 'Esfahan', 1266072),
(1383, 'IRN', 'Tabriz', 'East Azerbaidzan', 1191043),
(1384, 'IRN', 'Shiraz', 'Fars', 1053025),
(1385, 'IRN', 'Karaj', 'Teheran', 940968),
(1386, 'IRN', 'Ahvaz', 'Khuzestan', 804980),
(1387, 'IRN', 'Qom', 'Qom', 777677),
(1388, 'IRN', 'Kermanshah', 'Kermanshah', 692986),
(1389, 'IRN', 'Urmia', 'West Azerbaidzan', 435200),
(1390, 'IRN', 'Zahedan', 'Sistan va Baluchesta', 419518),
(1391, 'IRN', 'Rasht', 'Gilan', 417748),
(1392, 'IRN', 'Hamadan', 'Hamadan', 401281),
(1393, 'IRN', 'Kerman', 'Kerman', 384991),
(1394, 'IRN', 'Arak', 'Markazi', 380755),
(1395, 'IRN', 'Ardebil', 'Ardebil', 340386),
(1396, 'IRN', 'Yazd', 'Yazd', 326776),
(1397, 'IRN', 'Qazvin', 'Qazvin', 291117),
(1398, 'IRN', 'Zanjan', 'Zanjan', 286295),
(1399, 'IRN', 'Sanandaj', 'Kordestan', 277808),
(1400, 'IRN', 'Bandar-e-Abbas', 'Hormozgan', 273578),
(1401, 'IRN', 'Khorramabad', 'Lorestan', 272815),
(1402, 'IRN', 'Eslamshahr', 'Teheran', 265450),
(1403, 'IRN', 'Borujerd', 'Lorestan', 217804),
(1404, 'IRN', 'Abadan', 'Khuzestan', 206073),
(1405, 'IRN', 'Dezful', 'Khuzestan', 202639),
(1406, 'IRN', 'Kashan', 'Esfahan', 201372),
(1407, 'IRN', 'Sari', 'Mazandaran', 195882),
(1408, 'IRN', 'Gorgan', 'Golestan', 188710),
(1409, 'IRN', 'Najafabad', 'Esfahan', 178498),
(1410, 'IRN', 'Sabzevar', 'Khorasan', 170738),
(1411, 'IRN', 'Khomeynishahr', 'Esfahan', 165888),
(1412, 'IRN', 'Amol', 'Mazandaran', 159092),
(1413, 'IRN', 'Neyshabur', 'Khorasan', 158847),
(1414, 'IRN', 'Babol', 'Mazandaran', 158346),
(1415, 'IRN', 'Khoy', 'West Azerbaidzan', 148944),
(1416, 'IRN', 'Malayer', 'Hamadan', 144373),
(1417, 'IRN', 'Bushehr', 'Bushehr', 143641),
(1418, 'IRN', 'Qaemshahr', 'Mazandaran', 143286),
(1419, 'IRN', 'Qarchak', 'Teheran', 142690),
(1420, 'IRN', 'Qods', 'Teheran', 138278),
(1421, 'IRN', 'Sirjan', 'Kerman', 135024),
(1422, 'IRN', 'Bojnurd', 'Khorasan', 134835),
(1423, 'IRN', 'Maragheh', 'East Azerbaidzan', 132318),
(1424, 'IRN', 'Birjand', 'Khorasan', 127608),
(1425, 'IRN', 'Ilam', 'Ilam', 126346),
(1426, 'IRN', 'Bukan', 'West Azerbaidzan', 120020),
(1427, 'IRN', 'Masjed-e-Soleyman', 'Khuzestan', 116883),
(1428, 'IRN', 'Saqqez', 'Kordestan', 115394),
(1429, 'IRN', 'Gonbad-e Qabus', 'Mazandaran', 111253),
(1430, 'IRN', 'Saveh', 'Qom', 111245),
(1431, 'IRN', 'Mahabad', 'West Azerbaidzan', 107799),
(1432, 'IRN', 'Varamin', 'Teheran', 107233),
(1433, 'IRN', 'Andimeshk', 'Khuzestan', 106923),
(1434, 'IRN', 'Khorramshahr', 'Khuzestan', 105636),
(1435, 'IRN', 'Shahrud', 'Semnan', 104765),
(1436, 'IRN', 'Marv Dasht', 'Fars', 103579),
(1437, 'IRN', 'Zabol', 'Sistan va Baluchesta', 100887),
(1438, 'IRN', 'Shahr-e Kord', 'Chaharmahal va Bakht', 100477),
(1439, 'IRN', 'Bandar-e Anzali', 'Gilan', 98500),
(1440, 'IRN', 'Rafsanjan', 'Kerman', 98300),
(1441, 'IRN', 'Marand', 'East Azerbaidzan', 96400),
(1442, 'IRN', 'Torbat-e Heydariyeh', 'Khorasan', 94600),
(1443, 'IRN', 'Jahrom', 'Fars', 94200),
(1444, 'IRN', 'Semnan', 'Semnan', 91045),
(1445, 'IRN', 'Miandoab', 'West Azerbaidzan', 90100),
(1446, 'IRN', 'Qomsheh', 'Esfahan', 89800),
(1447, 'IRL', 'Dublin', 'Leinster', 481854),
(1448, 'IRL', 'Cork', 'Munster', 127187),
(1449, 'ISL', 'Reykjavík', 'Höfuðborgarsvæði', 109184),
(1450, 'ISR', 'Jerusalem', 'Jerusalem', 633700),
(1451, 'ISR', 'Tel Aviv-Jaffa', 'Tel Aviv', 348100),
(1452, 'ISR', 'Haifa', 'Haifa', 265700),
(1453, 'ISR', 'Rishon Le Ziyyon', 'Ha Merkaz', 188200),
(1454, 'ISR', 'Beerseba', 'Ha Darom', 163700),
(1455, 'ISR', 'Holon', 'Tel Aviv', 163100),
(1456, 'ISR', 'Petah Tiqwa', 'Ha Merkaz', 159400),
(1457, 'ISR', 'Ashdod', 'Ha Darom', 155800),
(1458, 'ISR', 'Netanya', 'Ha Merkaz', 154900),
(1459, 'ISR', 'Bat Yam', 'Tel Aviv', 137000),
(1460, 'ISR', 'Bene Beraq', 'Tel Aviv', 133900),
(1461, 'ISR', 'Ramat Gan', 'Tel Aviv', 126900),
(1462, 'ISR', 'Ashqelon', 'Ha Darom', 92300),
(1463, 'ISR', 'Rehovot', 'Ha Merkaz', 90300),
(1464, 'ITA', 'Roma', 'Latium', 2643581),
(1465, 'ITA', 'Milano', 'Lombardia', 1300977),
(1466, 'ITA', 'Napoli', 'Campania', 1002619),
(1467, 'ITA', 'Torino', 'Piemonte', 903705),
(1468, 'ITA', 'Palermo', 'Sisilia', 683794),
(1469, 'ITA', 'Genova', 'Liguria', 636104),
(1470, 'ITA', 'Bologna', 'Emilia-Romagna', 381161),
(1471, 'ITA', 'Firenze', 'Toscana', 376662),
(1472, 'ITA', 'Catania', 'Sisilia', 337862),
(1473, 'ITA', 'Bari', 'Apulia', 331848),
(1474, 'ITA', 'Venezia', 'Veneto', 277305),
(1475, 'ITA', 'Messina', 'Sisilia', 259156),
(1476, 'ITA', 'Verona', 'Veneto', 255268),
(1477, 'ITA', 'Trieste', 'Friuli-Venezia Giuli', 216459),
(1478, 'ITA', 'Padova', 'Veneto', 211391),
(1479, 'ITA', 'Taranto', 'Apulia', 208214),
(1480, 'ITA', 'Brescia', 'Lombardia', 191317),
(1481, 'ITA', 'Reggio di Calabria', 'Calabria', 179617),
(1482, 'ITA', 'Modena', 'Emilia-Romagna', 176022),
(1483, 'ITA', 'Prato', 'Toscana', 172473),
(1484, 'ITA', 'Parma', 'Emilia-Romagna', 168717),
(1485, 'ITA', 'Cagliari', 'Sardinia', 165926),
(1486, 'ITA', 'Livorno', 'Toscana', 161673),
(1487, 'ITA', 'Perugia', 'Umbria', 156673),
(1488, 'ITA', 'Foggia', 'Apulia', 154891),
(1489, 'ITA', 'Reggio nell´ Emilia', 'Emilia-Romagna', 143664),
(1490, 'ITA', 'Salerno', 'Campania', 142055),
(1491, 'ITA', 'Ravenna', 'Emilia-Romagna', 138418),
(1492, 'ITA', 'Ferrara', 'Emilia-Romagna', 132127),
(1493, 'ITA', 'Rimini', 'Emilia-Romagna', 131062),
(1494, 'ITA', 'Syrakusa', 'Sisilia', 126282),
(1495, 'ITA', 'Sassari', 'Sardinia', 120803),
(1496, 'ITA', 'Monza', 'Lombardia', 119516),
(1497, 'ITA', 'Bergamo', 'Lombardia', 117837),
(1498, 'ITA', 'Pescara', 'Abruzzit', 115698),
(1499, 'ITA', 'Latina', 'Latium', 114099),
(1500, 'ITA', 'Vicenza', 'Veneto', 109738),
(1501, 'ITA', 'Terni', 'Umbria', 107770),
(1502, 'ITA', 'Forlì', 'Emilia-Romagna', 107475),
(1503, 'ITA', 'Trento', 'Trentino-Alto Adige', 104906),
(1504, 'ITA', 'Novara', 'Piemonte', 102037),
(1505, 'ITA', 'Piacenza', 'Emilia-Romagna', 98384),
(1506, 'ITA', 'Ancona', 'Marche', 98329),
(1507, 'ITA', 'Lecce', 'Apulia', 98208),
(1508, 'ITA', 'Bolzano', 'Trentino-Alto Adige', 97232),
(1509, 'ITA', 'Catanzaro', 'Calabria', 96700),
(1510, 'ITA', 'La Spezia', 'Liguria', 95504),
(1511, 'ITA', 'Udine', 'Friuli-Venezia Giuli', 94932),
(1512, 'ITA', 'Torre del Greco', 'Campania', 94505),
(1513, 'ITA', 'Andria', 'Apulia', 94443),
(1514, 'ITA', 'Brindisi', 'Apulia', 93454),
(1515, 'ITA', 'Giugliano in Campania', 'Campania', 93286),
(1516, 'ITA', 'Pisa', 'Toscana', 92379),
(1517, 'ITA', 'Barletta', 'Apulia', 91904),
(1518, 'ITA', 'Arezzo', 'Toscana', 91729),
(1519, 'ITA', 'Alessandria', 'Piemonte', 90289),
(1520, 'ITA', 'Cesena', 'Emilia-Romagna', 89852),
(1521, 'ITA', 'Pesaro', 'Marche', 88987),
(1522, 'TMP', 'Dili', 'Dili', 47900),
(1523, 'AUT', 'Wien', 'Wien', 1608144),
(1524, 'AUT', 'Graz', 'Steiermark', 240967),
(1525, 'AUT', 'Linz', 'North Austria', 188022),
(1526, 'AUT', 'Salzburg', 'Salzburg', 144247),
(1527, 'AUT', 'Innsbruck', 'Tiroli', 111752),
(1528, 'AUT', 'Klagenfurt', 'Kärnten', 91141),
(1529, 'JAM', 'Spanish Town', 'St. Catherine', 110379),
(1530, 'JAM', 'Kingston', 'St. Andrew', 103962),
(1531, 'JAM', 'Portmore', 'St. Andrew', 99799),
(1532, 'JPN', 'Tokyo', 'Tokyo-to', 7980230),
(1533, 'JPN', 'Jokohama [Yokohama]', 'Kanagawa', 3339594),
(1534, 'JPN', 'Osaka', 'Osaka', 2595674),
(1535, 'JPN', 'Nagoya', 'Aichi', 2154376),
(1536, 'JPN', 'Sapporo', 'Hokkaido', 1790886),
(1537, 'JPN', 'Kioto', 'Kyoto', 1461974),
(1538, 'JPN', 'Kobe', 'Hyogo', 1425139),
(1539, 'JPN', 'Fukuoka', 'Fukuoka', 1308379),
(1540, 'JPN', 'Kawasaki', 'Kanagawa', 1217359),
(1541, 'JPN', 'Hiroshima', 'Hiroshima', 1119117),
(1542, 'JPN', 'Kitakyushu', 'Fukuoka', 1016264),
(1543, 'JPN', 'Sendai', 'Miyagi', 989975),
(1544, 'JPN', 'Chiba', 'Chiba', 863930),
(1545, 'JPN', 'Sakai', 'Osaka', 797735),
(1546, 'JPN', 'Kumamoto', 'Kumamoto', 656734),
(1547, 'JPN', 'Okayama', 'Okayama', 624269),
(1548, 'JPN', 'Sagamihara', 'Kanagawa', 586300),
(1549, 'JPN', 'Hamamatsu', 'Shizuoka', 568796),
(1550, 'JPN', 'Kagoshima', 'Kagoshima', 549977),
(1551, 'JPN', 'Funabashi', 'Chiba', 545299),
(1552, 'JPN', 'Higashiosaka', 'Osaka', 517785),
(1553, 'JPN', 'Hachioji', 'Tokyo-to', 513451),
(1554, 'JPN', 'Niigata', 'Niigata', 497464),
(1555, 'JPN', 'Amagasaki', 'Hyogo', 481434),
(1556, 'JPN', 'Himeji', 'Hyogo', 475167),
(1557, 'JPN', 'Shizuoka', 'Shizuoka', 473854),
(1558, 'JPN', 'Urawa', 'Saitama', 469675),
(1559, 'JPN', 'Matsuyama', 'Ehime', 466133),
(1560, 'JPN', 'Matsudo', 'Chiba', 461126),
(1561, 'JPN', 'Kanazawa', 'Ishikawa', 455386),
(1562, 'JPN', 'Kawaguchi', 'Saitama', 452155),
(1563, 'JPN', 'Ichikawa', 'Chiba', 441893),
(1564, 'JPN', 'Omiya', 'Saitama', 441649),
(1565, 'JPN', 'Utsunomiya', 'Tochigi', 440353),
(1566, 'JPN', 'Oita', 'Oita', 433401),
(1567, 'JPN', 'Nagasaki', 'Nagasaki', 432759),
(1568, 'JPN', 'Yokosuka', 'Kanagawa', 430200),
(1569, 'JPN', 'Kurashiki', 'Okayama', 425103),
(1570, 'JPN', 'Gifu', 'Gifu', 408007),
(1571, 'JPN', 'Hirakata', 'Osaka', 403151),
(1572, 'JPN', 'Nishinomiya', 'Hyogo', 397618),
(1573, 'JPN', 'Toyonaka', 'Osaka', 396689),
(1574, 'JPN', 'Wakayama', 'Wakayama', 391233),
(1575, 'JPN', 'Fukuyama', 'Hiroshima', 376921),
(1576, 'JPN', 'Fujisawa', 'Kanagawa', 372840),
(1577, 'JPN', 'Asahikawa', 'Hokkaido', 364813),
(1578, 'JPN', 'Machida', 'Tokyo-to', 364197),
(1579, 'JPN', 'Nara', 'Nara', 362812),
(1580, 'JPN', 'Takatsuki', 'Osaka', 361747),
(1581, 'JPN', 'Iwaki', 'Fukushima', 361737),
(1582, 'JPN', 'Nagano', 'Nagano', 361391),
(1583, 'JPN', 'Toyohashi', 'Aichi', 360066),
(1584, 'JPN', 'Toyota', 'Aichi', 346090),
(1585, 'JPN', 'Suita', 'Osaka', 345750),
(1586, 'JPN', 'Takamatsu', 'Kagawa', 332471),
(1587, 'JPN', 'Koriyama', 'Fukushima', 330335),
(1588, 'JPN', 'Okazaki', 'Aichi', 328711),
(1589, 'JPN', 'Kawagoe', 'Saitama', 327211),
(1590, 'JPN', 'Tokorozawa', 'Saitama', 325809),
(1591, 'JPN', 'Toyama', 'Toyama', 325790),
(1592, 'JPN', 'Kochi', 'Kochi', 324710),
(1593, 'JPN', 'Kashiwa', 'Chiba', 320296),
(1594, 'JPN', 'Akita', 'Akita', 314440),
(1595, 'JPN', 'Miyazaki', 'Miyazaki', 303784),
(1596, 'JPN', 'Koshigaya', 'Saitama', 301446),
(1597, 'JPN', 'Naha', 'Okinawa', 299851),
(1598, 'JPN', 'Aomori', 'Aomori', 295969),
(1599, 'JPN', 'Hakodate', 'Hokkaido', 294788),
(1600, 'JPN', 'Akashi', 'Hyogo', 292253),
(1601, 'JPN', 'Yokkaichi', 'Mie', 288173),
(1602, 'JPN', 'Fukushima', 'Fukushima', 287525),
(1603, 'JPN', 'Morioka', 'Iwate', 287353),
(1604, 'JPN', 'Maebashi', 'Gumma', 284473),
(1605, 'JPN', 'Kasugai', 'Aichi', 282348),
(1606, 'JPN', 'Otsu', 'Shiga', 282070),
(1607, 'JPN', 'Ichihara', 'Chiba', 279280),
(1608, 'JPN', 'Yao', 'Osaka', 276421),
(1609, 'JPN', 'Ichinomiya', 'Aichi', 270828),
(1610, 'JPN', 'Tokushima', 'Tokushima', 269649),
(1611, 'JPN', 'Kakogawa', 'Hyogo', 266281),
(1612, 'JPN', 'Ibaraki', 'Osaka', 261020),
(1613, 'JPN', 'Neyagawa', 'Osaka', 257315),
(1614, 'JPN', 'Shimonoseki', 'Yamaguchi', 257263),
(1615, 'JPN', 'Yamagata', 'Yamagata', 255617),
(1616, 'JPN', 'Fukui', 'Fukui', 254818),
(1617, 'JPN', 'Hiratsuka', 'Kanagawa', 254207),
(1618, 'JPN', 'Mito', 'Ibaragi', 246559),
(1619, 'JPN', 'Sasebo', 'Nagasaki', 244240),
(1620, 'JPN', 'Hachinohe', 'Aomori', 242979),
(1621, 'JPN', 'Takasaki', 'Gumma', 239124),
(1622, 'JPN', 'Shimizu', 'Shizuoka', 239123),
(1623, 'JPN', 'Kurume', 'Fukuoka', 235611),
(1624, 'JPN', 'Fuji', 'Shizuoka', 231527),
(1625, 'JPN', 'Soka', 'Saitama', 222768),
(1626, 'JPN', 'Fuchu', 'Tokyo-to', 220576),
(1627, 'JPN', 'Chigasaki', 'Kanagawa', 216015),
(1628, 'JPN', 'Atsugi', 'Kanagawa', 212407),
(1629, 'JPN', 'Numazu', 'Shizuoka', 211382),
(1630, 'JPN', 'Ageo', 'Saitama', 209442),
(1631, 'JPN', 'Yamato', 'Kanagawa', 208234),
(1632, 'JPN', 'Matsumoto', 'Nagano', 206801),
(1633, 'JPN', 'Kure', 'Hiroshima', 206504),
(1634, 'JPN', 'Takarazuka', 'Hyogo', 205993),
(1635, 'JPN', 'Kasukabe', 'Saitama', 201838),
(1636, 'JPN', 'Chofu', 'Tokyo-to', 201585),
(1637, 'JPN', 'Odawara', 'Kanagawa', 200171),
(1638, 'JPN', 'Kofu', 'Yamanashi', 199753),
(1639, 'JPN', 'Kushiro', 'Hokkaido', 197608),
(1640, 'JPN', 'Kishiwada', 'Osaka', 197276),
(1641, 'JPN', 'Hitachi', 'Ibaragi', 196622),
(1642, 'JPN', 'Nagaoka', 'Niigata', 192407),
(1643, 'JPN', 'Itami', 'Hyogo', 190886),
(1644, 'JPN', 'Uji', 'Kyoto', 188735),
(1645, 'JPN', 'Suzuka', 'Mie', 184061),
(1646, 'JPN', 'Hirosaki', 'Aomori', 177522),
(1647, 'JPN', 'Ube', 'Yamaguchi', 175206),
(1648, 'JPN', 'Kodaira', 'Tokyo-to', 174984),
(1649, 'JPN', 'Takaoka', 'Toyama', 174380),
(1650, 'JPN', 'Obihiro', 'Hokkaido', 173685),
(1651, 'JPN', 'Tomakomai', 'Hokkaido', 171958),
(1652, 'JPN', 'Saga', 'Saga', 170034),
(1653, 'JPN', 'Sakura', 'Chiba', 168072),
(1654, 'JPN', 'Kamakura', 'Kanagawa', 167661),
(1655, 'JPN', 'Mitaka', 'Tokyo-to', 167268),
(1656, 'JPN', 'Izumi', 'Osaka', 166979),
(1657, 'JPN', 'Hino', 'Tokyo-to', 166770),
(1658, 'JPN', 'Hadano', 'Kanagawa', 166512),
(1659, 'JPN', 'Ashikaga', 'Tochigi', 165243),
(1660, 'JPN', 'Tsu', 'Mie', 164543),
(1661, 'JPN', 'Sayama', 'Saitama', 162472),
(1662, 'JPN', 'Yachiyo', 'Chiba', 161222),
(1663, 'JPN', 'Tsukuba', 'Ibaragi', 160768),
(1664, 'JPN', 'Tachikawa', 'Tokyo-to', 159430),
(1665, 'JPN', 'Kumagaya', 'Saitama', 157171),
(1666, 'JPN', 'Moriguchi', 'Osaka', 155941),
(1667, 'JPN', 'Otaru', 'Hokkaido', 155784),
(1668, 'JPN', 'Anjo', 'Aichi', 153823),
(1669, 'JPN', 'Narashino', 'Chiba', 152849),
(1670, 'JPN', 'Oyama', 'Tochigi', 152820),
(1671, 'JPN', 'Ogaki', 'Gifu', 151758),
(1672, 'JPN', 'Matsue', 'Shimane', 149821),
(1673, 'JPN', 'Kawanishi', 'Hyogo', 149794),
(1674, 'JPN', 'Hitachinaka', 'Tokyo-to', 148006),
(1675, 'JPN', 'Niiza', 'Saitama', 147744),
(1676, 'JPN', 'Nagareyama', 'Chiba', 147738),
(1677, 'JPN', 'Tottori', 'Tottori', 147523),
(1678, 'JPN', 'Tama', 'Ibaragi', 146712),
(1679, 'JPN', 'Iruma', 'Saitama', 145922),
(1680, 'JPN', 'Ota', 'Gumma', 145317),
(1681, 'JPN', 'Omuta', 'Fukuoka', 142889),
(1682, 'JPN', 'Komaki', 'Aichi', 139827),
(1683, 'JPN', 'Ome', 'Tokyo-to', 139216),
(1684, 'JPN', 'Kadoma', 'Osaka', 138953),
(1685, 'JPN', 'Yamaguchi', 'Yamaguchi', 138210),
(1686, 'JPN', 'Higashimurayama', 'Tokyo-to', 136970),
(1687, 'JPN', 'Yonago', 'Tottori', 136461),
(1688, 'JPN', 'Matsubara', 'Osaka', 135010),
(1689, 'JPN', 'Musashino', 'Tokyo-to', 134426),
(1690, 'JPN', 'Tsuchiura', 'Ibaragi', 134072),
(1691, 'JPN', 'Joetsu', 'Niigata', 133505),
(1692, 'JPN', 'Miyakonojo', 'Miyazaki', 133183),
(1693, 'JPN', 'Misato', 'Saitama', 132957),
(1694, 'JPN', 'Kakamigahara', 'Gifu', 131831),
(1695, 'JPN', 'Daito', 'Osaka', 130594),
(1696, 'JPN', 'Seto', 'Aichi', 130470),
(1697, 'JPN', 'Kariya', 'Aichi', 127969),
(1698, 'JPN', 'Urayasu', 'Chiba', 127550),
(1699, 'JPN', 'Beppu', 'Oita', 127486),
(1700, 'JPN', 'Niihama', 'Ehime', 127207),
(1701, 'JPN', 'Minoo', 'Osaka', 127026),
(1702, 'JPN', 'Fujieda', 'Shizuoka', 126897),
(1703, 'JPN', 'Abiko', 'Chiba', 126670),
(1704, 'JPN', 'Nobeoka', 'Miyazaki', 125547),
(1705, 'JPN', 'Tondabayashi', 'Osaka', 125094),
(1706, 'JPN', 'Ueda', 'Nagano', 124217),
(1707, 'JPN', 'Kashihara', 'Nara', 124013),
(1708, 'JPN', 'Matsusaka', 'Mie', 123582),
(1709, 'JPN', 'Isesaki', 'Gumma', 123285),
(1710, 'JPN', 'Zama', 'Kanagawa', 122046),
(1711, 'JPN', 'Kisarazu', 'Chiba', 121967),
(1712, 'JPN', 'Noda', 'Chiba', 121030),
(1713, 'JPN', 'Ishinomaki', 'Miyagi', 120963),
(1714, 'JPN', 'Fujinomiya', 'Shizuoka', 119714),
(1715, 'JPN', 'Kawachinagano', 'Osaka', 119666),
(1716, 'JPN', 'Imabari', 'Ehime', 119357),
(1717, 'JPN', 'Aizuwakamatsu', 'Fukushima', 119287),
(1718, 'JPN', 'Higashihiroshima', 'Hiroshima', 119166),
(1719, 'JPN', 'Habikino', 'Osaka', 118968),
(1720, 'JPN', 'Ebetsu', 'Hokkaido', 118805),
(1721, 'JPN', 'Hofu', 'Yamaguchi', 118751),
(1722, 'JPN', 'Kiryu', 'Gumma', 118326),
(1723, 'JPN', 'Okinawa', 'Okinawa', 117748),
(1724, 'JPN', 'Yaizu', 'Shizuoka', 117258),
(1725, 'JPN', 'Toyokawa', 'Aichi', 115781),
(1726, 'JPN', 'Ebina', 'Kanagawa', 115571),
(1727, 'JPN', 'Asaka', 'Saitama', 114815),
(1728, 'JPN', 'Higashikurume', 'Tokyo-to', 111666),
(1729, 'JPN', 'Ikoma', 'Nara', 111645),
(1730, 'JPN', 'Kitami', 'Hokkaido', 111295),
(1731, 'JPN', 'Koganei', 'Tokyo-to', 110969),
(1732, 'JPN', 'Iwatsuki', 'Saitama', 110034),
(1733, 'JPN', 'Mishima', 'Shizuoka', 109699),
(1734, 'JPN', 'Handa', 'Aichi', 108600),
(1735, 'JPN', 'Muroran', 'Hokkaido', 108275),
(1736, 'JPN', 'Komatsu', 'Ishikawa', 107937),
(1737, 'JPN', 'Yatsushiro', 'Kumamoto', 107661),
(1738, 'JPN', 'Iida', 'Nagano', 107583),
(1739, 'JPN', 'Tokuyama', 'Yamaguchi', 107078),
(1740, 'JPN', 'Kokubunji', 'Tokyo-to', 106996),
(1741, 'JPN', 'Akishima', 'Tokyo-to', 106914),
(1742, 'JPN', 'Iwakuni', 'Yamaguchi', 106647),
(1743, 'JPN', 'Kusatsu', 'Shiga', 106232),
(1744, 'JPN', 'Kuwana', 'Mie', 106121),
(1745, 'JPN', 'Sanda', 'Hyogo', 105643),
(1746, 'JPN', 'Hikone', 'Shiga', 105508),
(1747, 'JPN', 'Toda', 'Saitama', 103969),
(1748, 'JPN', 'Tajimi', 'Gifu', 103171),
(1749, 'JPN', 'Ikeda', 'Osaka', 102710),
(1750, 'JPN', 'Fukaya', 'Saitama', 102156),
(1751, 'JPN', 'Ise', 'Mie', 101732),
(1752, 'JPN', 'Sakata', 'Yamagata', 101651),
(1753, 'JPN', 'Kasuga', 'Fukuoka', 101344),
(1754, 'JPN', 'Kamagaya', 'Chiba', 100821),
(1755, 'JPN', 'Tsuruoka', 'Yamagata', 100713),
(1756, 'JPN', 'Hoya', 'Tokyo-to', 100313),
(1757, 'JPN', 'Nishio', 'Chiba', 100032),
(1758, 'JPN', 'Tokai', 'Aichi', 99738),
(1759, 'JPN', 'Inazawa', 'Aichi', 98746),
(1760, 'JPN', 'Sakado', 'Saitama', 98221),
(1761, 'JPN', 'Isehara', 'Kanagawa', 98123),
(1762, 'JPN', 'Takasago', 'Hyogo', 97632),
(1763, 'JPN', 'Fujimi', 'Saitama', 96972),
(1764, 'JPN', 'Urasoe', 'Okinawa', 96002),
(1765, 'JPN', 'Yonezawa', 'Yamagata', 95592),
(1766, 'JPN', 'Konan', 'Aichi', 95521),
(1767, 'JPN', 'Yamatokoriyama', 'Nara', 95165),
(1768, 'JPN', 'Maizuru', 'Kyoto', 94784),
(1769, 'JPN', 'Onomichi', 'Hiroshima', 93756),
(1770, 'JPN', 'Higashimatsuyama', 'Saitama', 93342),
(1771, 'JPN', 'Kimitsu', 'Chiba', 93216),
(1772, 'JPN', 'Isahaya', 'Nagasaki', 93058),
(1773, 'JPN', 'Kanuma', 'Tochigi', 93053),
(1774, 'JPN', 'Izumisano', 'Osaka', 92583),
(1775, 'JPN', 'Kameoka', 'Kyoto', 92398),
(1776, 'JPN', 'Mobara', 'Chiba', 91664),
(1777, 'JPN', 'Narita', 'Chiba', 91470),
(1778, 'JPN', 'Kashiwazaki', 'Niigata', 91229),
(1779, 'JPN', 'Tsuyama', 'Okayama', 91170),
(1780, 'YEM', 'Sanaa', 'Sanaa', 503600),
(1781, 'YEM', 'Aden', 'Aden', 398300),
(1782, 'YEM', 'Taizz', 'Taizz', 317600),
(1783, 'YEM', 'Hodeida', 'Hodeida', 298500),
(1784, 'YEM', 'al-Mukalla', 'Hadramawt', 122400),
(1785, 'YEM', 'Ibb', 'Ibb', 103300),
(1786, 'JOR', 'Amman', 'Amman', 1000000),
(1787, 'JOR', 'al-Zarqa', 'al-Zarqa', 389815),
(1788, 'JOR', 'Irbid', 'Irbid', 231511),
(1789, 'JOR', 'al-Rusayfa', 'al-Zarqa', 137247),
(1790, 'JOR', 'Wadi al-Sir', 'Amman', 89104),
(1791, 'CXR', 'Flying Fish Cove', '–', 700),
(1792, 'YUG', 'Beograd', 'Central Serbia', 1204000),
(1793, 'YUG', 'Novi Sad', 'Vojvodina', 179626),
(1794, 'YUG', 'Niš', 'Central Serbia', 175391),
(1795, 'YUG', 'Priština', 'Kosovo and Metohija', 155496),
(1796, 'YUG', 'Kragujevac', 'Central Serbia', 147305),
(1797, 'YUG', 'Podgorica', 'Montenegro', 135000),
(1798, 'YUG', 'Subotica', 'Vojvodina', 100386),
(1799, 'YUG', 'Prizren', 'Kosovo and Metohija', 92303),
(1800, 'KHM', 'Phnom Penh', 'Phnom Penh', 570155),
(1801, 'KHM', 'Battambang', 'Battambang', 129800),
(1802, 'KHM', 'Siem Reap', 'Siem Reap', 105100),
(1803, 'CMR', 'Douala', 'Littoral', 1448300),
(1804, 'CMR', 'Yaoundé', 'Centre', 1372800),
(1805, 'CMR', 'Garoua', 'Nord', 177000),
(1806, 'CMR', 'Maroua', 'Extrême-Nord', 143000),
(1807, 'CMR', 'Bamenda', 'Nord-Ouest', 138000),
(1808, 'CMR', 'Bafoussam', 'Ouest', 131000),
(1809, 'CMR', 'Nkongsamba', 'Littoral', 112454),
(1810, 'CAN', 'Montréal', 'Québec', 1016376),
(1811, 'CAN', 'Calgary', 'Alberta', 768082),
(1812, 'CAN', 'Toronto', 'Ontario', 688275),
(1813, 'CAN', 'North York', 'Ontario', 622632),
(1814, 'CAN', 'Winnipeg', 'Manitoba', 618477),
(1815, 'CAN', 'Edmonton', 'Alberta', 616306),
(1816, 'CAN', 'Mississauga', 'Ontario', 608072),
(1817, 'CAN', 'Scarborough', 'Ontario', 594501),
(1818, 'CAN', 'Vancouver', 'British Colombia', 514008),
(1819, 'CAN', 'Etobicoke', 'Ontario', 348845),
(1820, 'CAN', 'London', 'Ontario', 339917),
(1821, 'CAN', 'Hamilton', 'Ontario', 335614),
(1822, 'CAN', 'Ottawa', 'Ontario', 335277),
(1823, 'CAN', 'Laval', 'Québec', 330393),
(1824, 'CAN', 'Surrey', 'British Colombia', 304477),
(1825, 'CAN', 'Brampton', 'Ontario', 296711),
(1826, 'CAN', 'Windsor', 'Ontario', 207588),
(1827, 'CAN', 'Saskatoon', 'Saskatchewan', 193647),
(1828, 'CAN', 'Kitchener', 'Ontario', 189959),
(1829, 'CAN', 'Markham', 'Ontario', 189098),
(1830, 'CAN', 'Regina', 'Saskatchewan', 180400),
(1831, 'CAN', 'Burnaby', 'British Colombia', 179209),
(1832, 'CAN', 'Québec', 'Québec', 167264),
(1833, 'CAN', 'York', 'Ontario', 154980),
(1834, 'CAN', 'Richmond', 'British Colombia', 148867),
(1835, 'CAN', 'Vaughan', 'Ontario', 147889),
(1836, 'CAN', 'Burlington', 'Ontario', 145150),
(1837, 'CAN', 'Oshawa', 'Ontario', 140173),
(1838, 'CAN', 'Oakville', 'Ontario', 139192),
(1839, 'CAN', 'Saint Catharines', 'Ontario', 136216),
(1840, 'CAN', 'Longueuil', 'Québec', 127977),
(1841, 'CAN', 'Richmond Hill', 'Ontario', 116428),
(1842, 'CAN', 'Thunder Bay', 'Ontario', 115913),
(1843, 'CAN', 'Nepean', 'Ontario', 115100),
(1844, 'CAN', 'Cape Breton', 'Nova Scotia', 114733),
(1845, 'CAN', 'East York', 'Ontario', 114034),
(1846, 'CAN', 'Halifax', 'Nova Scotia', 113910),
(1847, 'CAN', 'Cambridge', 'Ontario', 109186),
(1848, 'CAN', 'Gloucester', 'Ontario', 107314),
(1849, 'CAN', 'Abbotsford', 'British Colombia', 105403),
(1850, 'CAN', 'Guelph', 'Ontario', 103593),
(1851, 'CAN', 'Saint John´s', 'Newfoundland', 101936),
(1852, 'CAN', 'Coquitlam', 'British Colombia', 101820),
(1853, 'CAN', 'Saanich', 'British Colombia', 101388),
(1854, 'CAN', 'Gatineau', 'Québec', 100702),
(1855, 'CAN', 'Delta', 'British Colombia', 95411),
(1856, 'CAN', 'Sudbury', 'Ontario', 92686),
(1857, 'CAN', 'Kelowna', 'British Colombia', 89442),
(1858, 'CAN', 'Barrie', 'Ontario', 89269),
(1859, 'CPV', 'Praia', 'São Tiago', 94800),
(1860, 'KAZ', 'Almaty', 'Almaty Qalasy', 1129400),
(1861, 'KAZ', 'Qaraghandy', 'Qaraghandy', 436900),
(1862, 'KAZ', 'Shymkent', 'South Kazakstan', 360100),
(1863, 'KAZ', 'Taraz', 'Taraz', 330100),
(1864, 'KAZ', 'Astana', 'Astana', 311200),
(1865, 'KAZ', 'Öskemen', 'East Kazakstan', 311000),
(1866, 'KAZ', 'Pavlodar', 'Pavlodar', 300500),
(1867, 'KAZ', 'Semey', 'East Kazakstan', 269600),
(1868, 'KAZ', 'Aqtöbe', 'Aqtöbe', 253100),
(1869, 'KAZ', 'Qostanay', 'Qostanay', 221400),
(1870, 'KAZ', 'Petropavl', 'North Kazakstan', 203500),
(1871, 'KAZ', 'Oral', 'West Kazakstan', 195500),
(1872, 'KAZ', 'Temirtau', 'Qaraghandy', 170500),
(1873, 'KAZ', 'Qyzylorda', 'Qyzylorda', 157400),
(1874, 'KAZ', 'Aqtau', 'Mangghystau', 143400),
(1875, 'KAZ', 'Atyrau', 'Atyrau', 142500),
(1876, 'KAZ', 'Ekibastuz', 'Pavlodar', 127200),
(1877, 'KAZ', 'Kökshetau', 'North Kazakstan', 123400),
(1878, 'KAZ', 'Rudnyy', 'Qostanay', 109500),
(1879, 'KAZ', 'Taldyqorghan', 'Almaty', 98000),
(1880, 'KAZ', 'Zhezqazghan', 'Qaraghandy', 90000),
(1881, 'KEN', 'Nairobi', 'Nairobi', 2290000),
(1882, 'KEN', 'Mombasa', 'Coast', 461753),
(1883, 'KEN', 'Kisumu', 'Nyanza', 192733),
(1884, 'KEN', 'Nakuru', 'Rift Valley', 163927),
(1885, 'KEN', 'Machakos', 'Eastern', 116293),
(1886, 'KEN', 'Eldoret', 'Rift Valley', 111882),
(1887, 'KEN', 'Meru', 'Eastern', 94947),
(1888, 'KEN', 'Nyeri', 'Central', 91258),
(1889, 'CAF', 'Bangui', 'Bangui', 524000),
(1890, 'CHN', 'Shanghai', 'Shanghai', 9696300),
(1891, 'CHN', 'Peking', 'Peking', 7472000),
(1892, 'CHN', 'Chongqing', 'Chongqing', 6351600),
(1893, 'CHN', 'Tianjin', 'Tianjin', 5286800),
(1894, 'CHN', 'Wuhan', 'Hubei', 4344600),
(1895, 'CHN', 'Harbin', 'Heilongjiang', 4289800),
(1896, 'CHN', 'Shenyang', 'Liaoning', 4265200),
(1897, 'CHN', 'Kanton [Guangzhou]', 'Guangdong', 4256300),
(1898, 'CHN', 'Chengdu', 'Sichuan', 3361500),
(1899, 'CHN', 'Nanking [Nanjing]', 'Jiangsu', 2870300),
(1900, 'CHN', 'Changchun', 'Jilin', 2812000),
(1901, 'CHN', 'Xi´an', 'Shaanxi', 2761400),
(1902, 'CHN', 'Dalian', 'Liaoning', 2697000),
(1903, 'CHN', 'Qingdao', 'Shandong', 2596000),
(1904, 'CHN', 'Jinan', 'Shandong', 2278100),
(1905, 'CHN', 'Hangzhou', 'Zhejiang', 2190500),
(1906, 'CHN', 'Zhengzhou', 'Henan', 2107200),
(1907, 'CHN', 'Shijiazhuang', 'Hebei', 2041500),
(1908, 'CHN', 'Taiyuan', 'Shanxi', 1968400),
(1909, 'CHN', 'Kunming', 'Yunnan', 1829500),
(1910, 'CHN', 'Changsha', 'Hunan', 1809800),
(1911, 'CHN', 'Nanchang', 'Jiangxi', 1691600),
(1912, 'CHN', 'Fuzhou', 'Fujian', 1593800),
(1913, 'CHN', 'Lanzhou', 'Gansu', 1565800),
(1914, 'CHN', 'Guiyang', 'Guizhou', 1465200),
(1915, 'CHN', 'Ningbo', 'Zhejiang', 1371200),
(1916, 'CHN', 'Hefei', 'Anhui', 1369100),
(1917, 'CHN', 'Urumtši [Ürümqi]', 'Xinxiang', 1310100),
(1918, 'CHN', 'Anshan', 'Liaoning', 1200000),
(1919, 'CHN', 'Fushun', 'Liaoning', 1200000),
(1920, 'CHN', 'Nanning', 'Guangxi', 1161800),
(1921, 'CHN', 'Zibo', 'Shandong', 1140000),
(1922, 'CHN', 'Qiqihar', 'Heilongjiang', 1070000),
(1923, 'CHN', 'Jilin', 'Jilin', 1040000),
(1924, 'CHN', 'Tangshan', 'Hebei', 1040000),
(1925, 'CHN', 'Baotou', 'Inner Mongolia', 980000),
(1926, 'CHN', 'Shenzhen', 'Guangdong', 950500),
(1927, 'CHN', 'Hohhot', 'Inner Mongolia', 916700),
(1928, 'CHN', 'Handan', 'Hebei', 840000),
(1929, 'CHN', 'Wuxi', 'Jiangsu', 830000),
(1930, 'CHN', 'Xuzhou', 'Jiangsu', 810000),
(1931, 'CHN', 'Datong', 'Shanxi', 800000),
(1932, 'CHN', 'Yichun', 'Heilongjiang', 800000),
(1933, 'CHN', 'Benxi', 'Liaoning', 770000),
(1934, 'CHN', 'Luoyang', 'Henan', 760000),
(1935, 'CHN', 'Suzhou', 'Jiangsu', 710000),
(1936, 'CHN', 'Xining', 'Qinghai', 700200),
(1937, 'CHN', 'Huainan', 'Anhui', 700000),
(1938, 'CHN', 'Jixi', 'Heilongjiang', 683885),
(1939, 'CHN', 'Daqing', 'Heilongjiang', 660000),
(1940, 'CHN', 'Fuxin', 'Liaoning', 640000),
(1941, 'CHN', 'Amoy [Xiamen]', 'Fujian', 627500),
(1942, 'CHN', 'Liuzhou', 'Guangxi', 610000),
(1943, 'CHN', 'Shantou', 'Guangdong', 580000),
(1944, 'CHN', 'Jinzhou', 'Liaoning', 570000),
(1945, 'CHN', 'Mudanjiang', 'Heilongjiang', 570000),
(1946, 'CHN', 'Yinchuan', 'Ningxia', 544500),
(1947, 'CHN', 'Changzhou', 'Jiangsu', 530000),
(1948, 'CHN', 'Zhangjiakou', 'Hebei', 530000),
(1949, 'CHN', 'Dandong', 'Liaoning', 520000),
(1950, 'CHN', 'Hegang', 'Heilongjiang', 520000),
(1951, 'CHN', 'Kaifeng', 'Henan', 510000),
(1952, 'CHN', 'Jiamusi', 'Heilongjiang', 493409),
(1953, 'CHN', 'Liaoyang', 'Liaoning', 492559),
(1954, 'CHN', 'Hengyang', 'Hunan', 487148),
(1955, 'CHN', 'Baoding', 'Hebei', 483155),
(1956, 'CHN', 'Hunjiang', 'Jilin', 482043),
(1957, 'CHN', 'Xinxiang', 'Henan', 473762),
(1958, 'CHN', 'Huangshi', 'Hubei', 457601),
(1959, 'CHN', 'Haikou', 'Hainan', 454300),
(1960, 'CHN', 'Yantai', 'Shandong', 452127),
(1961, 'CHN', 'Bengbu', 'Anhui', 449245),
(1962, 'CHN', 'Xiangtan', 'Hunan', 441968),
(1963, 'CHN', 'Weifang', 'Shandong', 428522),
(1964, 'CHN', 'Wuhu', 'Anhui', 425740),
(1965, 'CHN', 'Pingxiang', 'Jiangxi', 425579),
(1966, 'CHN', 'Yingkou', 'Liaoning', 421589),
(1967, 'CHN', 'Anyang', 'Henan', 420332),
(1968, 'CHN', 'Panzhihua', 'Sichuan', 415466),
(1969, 'CHN', 'Pingdingshan', 'Henan', 410775),
(1970, 'CHN', 'Xiangfan', 'Hubei', 410407),
(1971, 'CHN', 'Zhuzhou', 'Hunan', 409924),
(1972, 'CHN', 'Jiaozuo', 'Henan', 409100),
(1973, 'CHN', 'Wenzhou', 'Zhejiang', 401871),
(1974, 'CHN', 'Zhangjiang', 'Guangdong', 400997),
(1975, 'CHN', 'Zigong', 'Sichuan', 393184),
(1976, 'CHN', 'Shuangyashan', 'Heilongjiang', 386081),
(1977, 'CHN', 'Zaozhuang', 'Shandong', 380846),
(1978, 'CHN', 'Yakeshi', 'Inner Mongolia', 377869),
(1979, 'CHN', 'Yichang', 'Hubei', 371601),
(1980, 'CHN', 'Zhenjiang', 'Jiangsu', 368316),
(1981, 'CHN', 'Huaibei', 'Anhui', 366549),
(1982, 'CHN', 'Qinhuangdao', 'Hebei', 364972),
(1983, 'CHN', 'Guilin', 'Guangxi', 364130),
(1984, 'CHN', 'Liupanshui', 'Guizhou', 363954),
(1985, 'CHN', 'Panjin', 'Liaoning', 362773),
(1986, 'CHN', 'Yangquan', 'Shanxi', 362268),
(1987, 'CHN', 'Jinxi', 'Liaoning', 357052),
(1988, 'CHN', 'Liaoyuan', 'Jilin', 354141),
(1989, 'CHN', 'Lianyungang', 'Jiangsu', 354139),
(1990, 'CHN', 'Xianyang', 'Shaanxi', 352125),
(1991, 'CHN', 'Tai´an', 'Shandong', 350696),
(1992, 'CHN', 'Chifeng', 'Inner Mongolia', 350077),
(1993, 'CHN', 'Shaoguan', 'Guangdong', 350043),
(1994, 'CHN', 'Nantong', 'Jiangsu', 343341),
(1995, 'CHN', 'Leshan', 'Sichuan', 341128),
(1996, 'CHN', 'Baoji', 'Shaanxi', 337765),
(1997, 'CHN', 'Linyi', 'Shandong', 324720),
(1998, 'CHN', 'Tonghua', 'Jilin', 324600),
(1999, 'CHN', 'Siping', 'Jilin', 317223),
(2000, 'CHN', 'Changzhi', 'Shanxi', 317144),
(2001, 'CHN', 'Tengzhou', 'Shandong', 315083),
(2002, 'CHN', 'Chaozhou', 'Guangdong', 313469),
(2003, 'CHN', 'Yangzhou', 'Jiangsu', 312892),
(2004, 'CHN', 'Dongwan', 'Guangdong', 308669),
(2005, 'CHN', 'Ma´anshan', 'Anhui', 305421),
(2006, 'CHN', 'Foshan', 'Guangdong', 303160),
(2007, 'CHN', 'Yueyang', 'Hunan', 302800),
(2008, 'CHN', 'Xingtai', 'Hebei', 302789),
(2009, 'CHN', 'Changde', 'Hunan', 301276),
(2010, 'CHN', 'Shihezi', 'Xinxiang', 299676),
(2011, 'CHN', 'Yancheng', 'Jiangsu', 296831),
(2012, 'CHN', 'Jiujiang', 'Jiangxi', 291187),
(2013, 'CHN', 'Dongying', 'Shandong', 281728),
(2014, 'CHN', 'Shashi', 'Hubei', 281352),
(2015, 'CHN', 'Xintai', 'Shandong', 281248),
(2016, 'CHN', 'Jingdezhen', 'Jiangxi', 281183),
(2017, 'CHN', 'Tongchuan', 'Shaanxi', 280657),
(2018, 'CHN', 'Zhongshan', 'Guangdong', 278829),
(2019, 'CHN', 'Shiyan', 'Hubei', 273786),
(2020, 'CHN', 'Tieli', 'Heilongjiang', 265683),
(2021, 'CHN', 'Jining', 'Shandong', 265248),
(2022, 'CHN', 'Wuhai', 'Inner Mongolia', 264081),
(2023, 'CHN', 'Mianyang', 'Sichuan', 262947),
(2024, 'CHN', 'Luzhou', 'Sichuan', 262892),
(2025, 'CHN', 'Zunyi', 'Guizhou', 261862),
(2026, 'CHN', 'Shizuishan', 'Ningxia', 257862),
(2027, 'CHN', 'Neijiang', 'Sichuan', 256012),
(2028, 'CHN', 'Tongliao', 'Inner Mongolia', 255129),
(2029, 'CHN', 'Tieling', 'Liaoning', 254842),
(2030, 'CHN', 'Wafangdian', 'Liaoning', 251733),
(2031, 'CHN', 'Anqing', 'Anhui', 250718),
(2032, 'CHN', 'Shaoyang', 'Hunan', 247227),
(2033, 'CHN', 'Laiwu', 'Shandong', 246833),
(2034, 'CHN', 'Chengde', 'Hebei', 246799),
(2035, 'CHN', 'Tianshui', 'Gansu', 244974),
(2036, 'CHN', 'Nanyang', 'Henan', 243303),
(2037, 'CHN', 'Cangzhou', 'Hebei', 242708),
(2038, 'CHN', 'Yibin', 'Sichuan', 241019),
(2039, 'CHN', 'Huaiyin', 'Jiangsu', 239675),
(2040, 'CHN', 'Dunhua', 'Jilin', 235100),
(2041, 'CHN', 'Yanji', 'Jilin', 230892),
(2042, 'CHN', 'Jiangmen', 'Guangdong', 230587),
(2043, 'CHN', 'Tongling', 'Anhui', 228017),
(2044, 'CHN', 'Suihua', 'Heilongjiang', 227881),
(2045, 'CHN', 'Gongziling', 'Jilin', 226569),
(2046, 'CHN', 'Xiantao', 'Hubei', 222884),
(2047, 'CHN', 'Chaoyang', 'Liaoning', 222394),
(2048, 'CHN', 'Ganzhou', 'Jiangxi', 220129),
(2049, 'CHN', 'Huzhou', 'Zhejiang', 218071),
(2050, 'CHN', 'Baicheng', 'Jilin', 217987),
(2051, 'CHN', 'Shangzi', 'Heilongjiang', 215373),
(2052, 'CHN', 'Yangjiang', 'Guangdong', 215196),
(2053, 'CHN', 'Qitaihe', 'Heilongjiang', 214957),
(2054, 'CHN', 'Gejiu', 'Yunnan', 214294),
(2055, 'CHN', 'Jiangyin', 'Jiangsu', 213659),
(2056, 'CHN', 'Hebi', 'Henan', 212976),
(2057, 'CHN', 'Jiaxing', 'Zhejiang', 211526),
(2058, 'CHN', 'Wuzhou', 'Guangxi', 210452),
(2059, 'CHN', 'Meihekou', 'Jilin', 209038),
(2060, 'CHN', 'Xuchang', 'Henan', 208815),
(2061, 'CHN', 'Liaocheng', 'Shandong', 207844),
(2062, 'CHN', 'Haicheng', 'Liaoning', 205560),
(2063, 'CHN', 'Qianjiang', 'Hubei', 205504),
(2064, 'CHN', 'Baiyin', 'Gansu', 204970),
(2065, 'CHN', 'Bei´an', 'Heilongjiang', 204899),
(2066, 'CHN', 'Yixing', 'Jiangsu', 200824),
(2067, 'CHN', 'Laizhou', 'Shandong', 198664),
(2068, 'CHN', 'Qaramay', 'Xinxiang', 197602),
(2069, 'CHN', 'Acheng', 'Heilongjiang', 197595),
(2070, 'CHN', 'Dezhou', 'Shandong', 195485),
(2071, 'CHN', 'Nanping', 'Fujian', 195064),
(2072, 'CHN', 'Zhaoqing', 'Guangdong', 194784),
(2073, 'CHN', 'Beipiao', 'Liaoning', 194301),
(2074, 'CHN', 'Fengcheng', 'Jiangxi', 193784),
(2075, 'CHN', 'Fuyu', 'Jilin', 192981),
(2076, 'CHN', 'Xinyang', 'Henan', 192509),
(2077, 'CHN', 'Dongtai', 'Jiangsu', 192247),
(2078, 'CHN', 'Yuci', 'Shanxi', 191356),
(2079, 'CHN', 'Honghu', 'Hubei', 190772),
(2080, 'CHN', 'Ezhou', 'Hubei', 190123),
(2081, 'CHN', 'Heze', 'Shandong', 189293),
(2082, 'CHN', 'Daxian', 'Sichuan', 188101),
(2083, 'CHN', 'Linfen', 'Shanxi', 187309),
(2084, 'CHN', 'Tianmen', 'Hubei', 186332),
(2085, 'CHN', 'Yiyang', 'Hunan', 185818),
(2086, 'CHN', 'Quanzhou', 'Fujian', 185154),
(2087, 'CHN', 'Rizhao', 'Shandong', 185048),
(2088, 'CHN', 'Deyang', 'Sichuan', 182488),
(2089, 'CHN', 'Guangyuan', 'Sichuan', 182241),
(2090, 'CHN', 'Changshu', 'Jiangsu', 181805),
(2091, 'CHN', 'Zhangzhou', 'Fujian', 181424),
(2092, 'CHN', 'Hailar', 'Inner Mongolia', 180650),
(2093, 'CHN', 'Nanchong', 'Sichuan', 180273),
(2094, 'CHN', 'Jiutai', 'Jilin', 180130),
(2095, 'CHN', 'Zhaodong', 'Heilongjiang', 179976),
(2096, 'CHN', 'Shaoxing', 'Zhejiang', 179818),
(2097, 'CHN', 'Fuyang', 'Anhui', 179572),
(2098, 'CHN', 'Maoming', 'Guangdong', 178683),
(2099, 'CHN', 'Qujing', 'Yunnan', 178669),
(2100, 'CHN', 'Ghulja', 'Xinxiang', 177193),
(2101, 'CHN', 'Jiaohe', 'Jilin', 176367),
(2102, 'CHN', 'Puyang', 'Henan', 175988),
(2103, 'CHN', 'Huadian', 'Jilin', 175873),
(2104, 'CHN', 'Jiangyou', 'Sichuan', 175753),
(2105, 'CHN', 'Qashqar', 'Xinxiang', 174570),
(2106, 'CHN', 'Anshun', 'Guizhou', 174142),
(2107, 'CHN', 'Fuling', 'Sichuan', 173878),
(2108, 'CHN', 'Xinyu', 'Jiangxi', 173524),
(2109, 'CHN', 'Hanzhong', 'Shaanxi', 169930),
(2110, 'CHN', 'Danyang', 'Jiangsu', 169603),
(2111, 'CHN', 'Chenzhou', 'Hunan', 169400),
(2112, 'CHN', 'Xiaogan', 'Hubei', 166280),
(2113, 'CHN', 'Shangqiu', 'Henan', 164880),
(2114, 'CHN', 'Zhuhai', 'Guangdong', 164747),
(2115, 'CHN', 'Qingyuan', 'Guangdong', 164641),
(2116, 'CHN', 'Aqsu', 'Xinxiang', 164092),
(2117, 'CHN', 'Jining', 'Inner Mongolia', 163552),
(2118, 'CHN', 'Xiaoshan', 'Zhejiang', 162930),
(2119, 'CHN', 'Zaoyang', 'Hubei', 162198),
(2120, 'CHN', 'Xinghua', 'Jiangsu', 161910),
(2121, 'CHN', 'Hami', 'Xinxiang', 161315),
(2122, 'CHN', 'Huizhou', 'Guangdong', 161023),
(2123, 'CHN', 'Jinmen', 'Hubei', 160794),
(2124, 'CHN', 'Sanming', 'Fujian', 160691),
(2125, 'CHN', 'Ulanhot', 'Inner Mongolia', 159538),
(2126, 'CHN', 'Korla', 'Xinxiang', 159344),
(2127, 'CHN', 'Wanxian', 'Sichuan', 156823),
(2128, 'CHN', 'Rui´an', 'Zhejiang', 156468),
(2129, 'CHN', 'Zhoushan', 'Zhejiang', 156317),
(2130, 'CHN', 'Liangcheng', 'Shandong', 156307),
(2131, 'CHN', 'Jiaozhou', 'Shandong', 153364),
(2132, 'CHN', 'Taizhou', 'Jiangsu', 152442),
(2133, 'CHN', 'Suzhou', 'Anhui', 151862),
(2134, 'CHN', 'Yichun', 'Jiangxi', 151585),
(2135, 'CHN', 'Taonan', 'Jilin', 150168),
(2136, 'CHN', 'Pingdu', 'Shandong', 150123),
(2137, 'CHN', 'Ji´an', 'Jiangxi', 148583),
(2138, 'CHN', 'Longkou', 'Shandong', 148362),
(2139, 'CHN', 'Langfang', 'Hebei', 148105),
(2140, 'CHN', 'Zhoukou', 'Henan', 146288),
(2141, 'CHN', 'Suining', 'Sichuan', 146086),
(2142, 'CHN', 'Yulin', 'Guangxi', 144467),
(2143, 'CHN', 'Jinhua', 'Zhejiang', 144280),
(2144, 'CHN', 'Liu´an', 'Anhui', 144248),
(2145, 'CHN', 'Shuangcheng', 'Heilongjiang', 142659),
(2146, 'CHN', 'Suizhou', 'Hubei', 142302),
(2147, 'CHN', 'Ankang', 'Shaanxi', 142170),
(2148, 'CHN', 'Weinan', 'Shaanxi', 140169),
(2149, 'CHN', 'Longjing', 'Jilin', 139417),
(2150, 'CHN', 'Da´an', 'Jilin', 138963),
(2151, 'CHN', 'Lengshuijiang', 'Hunan', 137994),
(2152, 'CHN', 'Laiyang', 'Shandong', 137080),
(2153, 'CHN', 'Xianning', 'Hubei', 136811),
(2154, 'CHN', 'Dali', 'Yunnan', 136554),
(2155, 'CHN', 'Anda', 'Heilongjiang', 136446),
(2156, 'CHN', 'Jincheng', 'Shanxi', 136396),
(2157, 'CHN', 'Longyan', 'Fujian', 134481),
(2158, 'CHN', 'Xichang', 'Sichuan', 134419),
(2159, 'CHN', 'Wendeng', 'Shandong', 133910),
(2160, 'CHN', 'Hailun', 'Heilongjiang', 133565),
(2161, 'CHN', 'Binzhou', 'Shandong', 133555),
(2162, 'CHN', 'Linhe', 'Inner Mongolia', 133183),
(2163, 'CHN', 'Wuwei', 'Gansu', 133101),
(2164, 'CHN', 'Duyun', 'Guizhou', 132971);
INSERT INTO `cities` (`id`, `country_code`, `name`, `district`, `population`) VALUES
(2165, 'CHN', 'Mishan', 'Heilongjiang', 132744),
(2166, 'CHN', 'Shangrao', 'Jiangxi', 132455),
(2167, 'CHN', 'Changji', 'Xinxiang', 132260),
(2168, 'CHN', 'Meixian', 'Guangdong', 132156),
(2169, 'CHN', 'Yushu', 'Jilin', 131861),
(2170, 'CHN', 'Tiefa', 'Liaoning', 131807),
(2171, 'CHN', 'Huai´an', 'Jiangsu', 131149),
(2172, 'CHN', 'Leiyang', 'Hunan', 130115),
(2173, 'CHN', 'Zalantun', 'Inner Mongolia', 130031),
(2174, 'CHN', 'Weihai', 'Shandong', 128888),
(2175, 'CHN', 'Loudi', 'Hunan', 128418),
(2176, 'CHN', 'Qingzhou', 'Shandong', 128258),
(2177, 'CHN', 'Qidong', 'Jiangsu', 126872),
(2178, 'CHN', 'Huaihua', 'Hunan', 126785),
(2179, 'CHN', 'Luohe', 'Henan', 126438),
(2180, 'CHN', 'Chuzhou', 'Anhui', 125341),
(2181, 'CHN', 'Kaiyuan', 'Liaoning', 124219),
(2182, 'CHN', 'Linqing', 'Shandong', 123958),
(2183, 'CHN', 'Chaohu', 'Anhui', 123676),
(2184, 'CHN', 'Laohekou', 'Hubei', 123366),
(2185, 'CHN', 'Dujiangyan', 'Sichuan', 123357),
(2186, 'CHN', 'Zhumadian', 'Henan', 123232),
(2187, 'CHN', 'Linchuan', 'Jiangxi', 121949),
(2188, 'CHN', 'Jiaonan', 'Shandong', 121397),
(2189, 'CHN', 'Sanmenxia', 'Henan', 120523),
(2190, 'CHN', 'Heyuan', 'Guangdong', 120101),
(2191, 'CHN', 'Manzhouli', 'Inner Mongolia', 120023),
(2192, 'CHN', 'Lhasa', 'Tibet', 120000),
(2193, 'CHN', 'Lianyuan', 'Hunan', 118858),
(2194, 'CHN', 'Kuytun', 'Xinxiang', 118553),
(2195, 'CHN', 'Puqi', 'Hubei', 117264),
(2196, 'CHN', 'Hongjiang', 'Hunan', 116188),
(2197, 'CHN', 'Qinzhou', 'Guangxi', 114586),
(2198, 'CHN', 'Renqiu', 'Hebei', 114256),
(2199, 'CHN', 'Yuyao', 'Zhejiang', 114065),
(2200, 'CHN', 'Guigang', 'Guangxi', 114025),
(2201, 'CHN', 'Kaili', 'Guizhou', 113958),
(2202, 'CHN', 'Yan´an', 'Shaanxi', 113277),
(2203, 'CHN', 'Beihai', 'Guangxi', 112673),
(2204, 'CHN', 'Xuangzhou', 'Anhui', 112673),
(2205, 'CHN', 'Quzhou', 'Zhejiang', 112373),
(2206, 'CHN', 'Yong´an', 'Fujian', 111762),
(2207, 'CHN', 'Zixing', 'Hunan', 110048),
(2208, 'CHN', 'Liyang', 'Jiangsu', 109520),
(2209, 'CHN', 'Yizheng', 'Jiangsu', 109268),
(2210, 'CHN', 'Yumen', 'Gansu', 109234),
(2211, 'CHN', 'Liling', 'Hunan', 108504),
(2212, 'CHN', 'Yuncheng', 'Shanxi', 108359),
(2213, 'CHN', 'Shanwei', 'Guangdong', 107847),
(2214, 'CHN', 'Cixi', 'Zhejiang', 107329),
(2215, 'CHN', 'Yuanjiang', 'Hunan', 107004),
(2216, 'CHN', 'Bozhou', 'Anhui', 106346),
(2217, 'CHN', 'Jinchang', 'Gansu', 105287),
(2218, 'CHN', 'Fu´an', 'Fujian', 105265),
(2219, 'CHN', 'Suqian', 'Jiangsu', 105021),
(2220, 'CHN', 'Shishou', 'Hubei', 104571),
(2221, 'CHN', 'Hengshui', 'Hebei', 104269),
(2222, 'CHN', 'Danjiangkou', 'Hubei', 103211),
(2223, 'CHN', 'Fujin', 'Heilongjiang', 103104),
(2224, 'CHN', 'Sanya', 'Hainan', 102820),
(2225, 'CHN', 'Guangshui', 'Hubei', 102770),
(2226, 'CHN', 'Huangshan', 'Anhui', 102628),
(2227, 'CHN', 'Xingcheng', 'Liaoning', 102384),
(2228, 'CHN', 'Zhucheng', 'Shandong', 102134),
(2229, 'CHN', 'Kunshan', 'Jiangsu', 102052),
(2230, 'CHN', 'Haining', 'Zhejiang', 100478),
(2231, 'CHN', 'Pingliang', 'Gansu', 99265),
(2232, 'CHN', 'Fuqing', 'Fujian', 99193),
(2233, 'CHN', 'Xinzhou', 'Shanxi', 98667),
(2234, 'CHN', 'Jieyang', 'Guangdong', 98531),
(2235, 'CHN', 'Zhangjiagang', 'Jiangsu', 97994),
(2236, 'CHN', 'Tong Xian', 'Peking', 97168),
(2237, 'CHN', 'Ya´an', 'Sichuan', 95900),
(2238, 'CHN', 'Jinzhou', 'Liaoning', 95761),
(2239, 'CHN', 'Emeishan', 'Sichuan', 94000),
(2240, 'CHN', 'Enshi', 'Hubei', 93056),
(2241, 'CHN', 'Bose', 'Guangxi', 93009),
(2242, 'CHN', 'Yuzhou', 'Henan', 92889),
(2243, 'CHN', 'Kaiyuan', 'Yunnan', 91999),
(2244, 'CHN', 'Tumen', 'Jilin', 91471),
(2245, 'CHN', 'Putian', 'Fujian', 91030),
(2246, 'CHN', 'Linhai', 'Zhejiang', 90870),
(2247, 'CHN', 'Xilin Hot', 'Inner Mongolia', 90646),
(2248, 'CHN', 'Shaowu', 'Fujian', 90286),
(2249, 'CHN', 'Junan', 'Shandong', 90222),
(2250, 'CHN', 'Huaying', 'Sichuan', 89400),
(2251, 'CHN', 'Pingyi', 'Shandong', 89373),
(2252, 'CHN', 'Huangyan', 'Zhejiang', 89288),
(2253, 'KGZ', 'Bishkek', 'Bishkek shaary', 589400),
(2254, 'KGZ', 'Osh', 'Osh', 222700),
(2255, 'KIR', 'Bikenibeu', 'South Tarawa', 5055),
(2256, 'KIR', 'Bairiki', 'South Tarawa', 2226),
(2257, 'COL', 'Santafé de Bogotá', 'Santafé de Bogotá', 6260862),
(2258, 'COL', 'Cali', 'Valle', 2077386),
(2259, 'COL', 'Medellín', 'Antioquia', 1861265),
(2260, 'COL', 'Barranquilla', 'Atlántico', 1223260),
(2261, 'COL', 'Cartagena', 'Bolívar', 805757),
(2262, 'COL', 'Cúcuta', 'Norte de Santander', 606932),
(2263, 'COL', 'Bucaramanga', 'Santander', 515555),
(2264, 'COL', 'Ibagué', 'Tolima', 393664),
(2265, 'COL', 'Pereira', 'Risaralda', 381725),
(2266, 'COL', 'Santa Marta', 'Magdalena', 359147),
(2267, 'COL', 'Manizales', 'Caldas', 337580),
(2268, 'COL', 'Bello', 'Antioquia', 333470),
(2269, 'COL', 'Pasto', 'Nariño', 332396),
(2270, 'COL', 'Neiva', 'Huila', 300052),
(2271, 'COL', 'Soledad', 'Atlántico', 295058),
(2272, 'COL', 'Armenia', 'Quindío', 288977),
(2273, 'COL', 'Villavicencio', 'Meta', 273140),
(2274, 'COL', 'Soacha', 'Cundinamarca', 272058),
(2275, 'COL', 'Valledupar', 'Cesar', 263247),
(2276, 'COL', 'Montería', 'Córdoba', 248245),
(2277, 'COL', 'Itagüí', 'Antioquia', 228985),
(2278, 'COL', 'Palmira', 'Valle', 226509),
(2279, 'COL', 'Buenaventura', 'Valle', 224336),
(2280, 'COL', 'Floridablanca', 'Santander', 221913),
(2281, 'COL', 'Sincelejo', 'Sucre', 220704),
(2282, 'COL', 'Popayán', 'Cauca', 200719),
(2283, 'COL', 'Barrancabermeja', 'Santander', 178020),
(2284, 'COL', 'Dos Quebradas', 'Risaralda', 159363),
(2285, 'COL', 'Tuluá', 'Valle', 152488),
(2286, 'COL', 'Envigado', 'Antioquia', 135848),
(2287, 'COL', 'Cartago', 'Valle', 125884),
(2288, 'COL', 'Girardot', 'Cundinamarca', 110963),
(2289, 'COL', 'Buga', 'Valle', 110699),
(2290, 'COL', 'Tunja', 'Boyacá', 109740),
(2291, 'COL', 'Florencia', 'Caquetá', 108574),
(2292, 'COL', 'Maicao', 'La Guajira', 108053),
(2293, 'COL', 'Sogamoso', 'Boyacá', 107728),
(2294, 'COL', 'Giron', 'Santander', 90688),
(2295, 'COM', 'Moroni', 'Njazidja', 36000),
(2296, 'COG', 'Brazzaville', 'Brazzaville', 950000),
(2297, 'COG', 'Pointe-Noire', 'Kouilou', 500000),
(2298, 'COD', 'Kinshasa', 'Kinshasa', 5064000),
(2299, 'COD', 'Lubumbashi', 'Shaba', 851381),
(2300, 'COD', 'Mbuji-Mayi', 'East Kasai', 806475),
(2301, 'COD', 'Kolwezi', 'Shaba', 417810),
(2302, 'COD', 'Kisangani', 'Haute-Zaïre', 417517),
(2303, 'COD', 'Kananga', 'West Kasai', 393030),
(2304, 'COD', 'Likasi', 'Shaba', 299118),
(2305, 'COD', 'Bukavu', 'South Kivu', 201569),
(2306, 'COD', 'Kikwit', 'Bandundu', 182142),
(2307, 'COD', 'Tshikapa', 'West Kasai', 180860),
(2308, 'COD', 'Matadi', 'Bas-Zaïre', 172730),
(2309, 'COD', 'Mbandaka', 'Equateur', 169841),
(2310, 'COD', 'Mwene-Ditu', 'East Kasai', 137459),
(2311, 'COD', 'Boma', 'Bas-Zaïre', 135284),
(2312, 'COD', 'Uvira', 'South Kivu', 115590),
(2313, 'COD', 'Butembo', 'North Kivu', 109406),
(2314, 'COD', 'Goma', 'North Kivu', 109094),
(2315, 'COD', 'Kalemie', 'Shaba', 101309),
(2316, 'CCK', 'Bantam', 'Home Island', 503),
(2317, 'CCK', 'West Island', 'West Island', 167),
(2318, 'PRK', 'Pyongyang', 'Pyongyang-si', 2484000),
(2319, 'PRK', 'Hamhung', 'Hamgyong N', 709730),
(2320, 'PRK', 'Chongjin', 'Hamgyong P', 582480),
(2321, 'PRK', 'Nampo', 'Nampo-si', 566200),
(2322, 'PRK', 'Sinuiju', 'Pyongan P', 326011),
(2323, 'PRK', 'Wonsan', 'Kangwon', 300148),
(2324, 'PRK', 'Phyongsong', 'Pyongan N', 272934),
(2325, 'PRK', 'Sariwon', 'Hwanghae P', 254146),
(2326, 'PRK', 'Haeju', 'Hwanghae N', 229172),
(2327, 'PRK', 'Kanggye', 'Chagang', 223410),
(2328, 'PRK', 'Kimchaek', 'Hamgyong P', 179000),
(2329, 'PRK', 'Hyesan', 'Yanggang', 178020),
(2330, 'PRK', 'Kaesong', 'Kaesong-si', 171500),
(2331, 'KOR', 'Seoul', 'Seoul', 9981619),
(2332, 'KOR', 'Pusan', 'Pusan', 3804522),
(2333, 'KOR', 'Inchon', 'Inchon', 2559424),
(2334, 'KOR', 'Taegu', 'Taegu', 2548568),
(2335, 'KOR', 'Taejon', 'Taejon', 1425835),
(2336, 'KOR', 'Kwangju', 'Kwangju', 1368341),
(2337, 'KOR', 'Ulsan', 'Kyongsangnam', 1084891),
(2338, 'KOR', 'Songnam', 'Kyonggi', 869094),
(2339, 'KOR', 'Puchon', 'Kyonggi', 779412),
(2340, 'KOR', 'Suwon', 'Kyonggi', 755550),
(2341, 'KOR', 'Anyang', 'Kyonggi', 591106),
(2342, 'KOR', 'Chonju', 'Chollabuk', 563153),
(2343, 'KOR', 'Chongju', 'Chungchongbuk', 531376),
(2344, 'KOR', 'Koyang', 'Kyonggi', 518282),
(2345, 'KOR', 'Ansan', 'Kyonggi', 510314),
(2346, 'KOR', 'Pohang', 'Kyongsangbuk', 508899),
(2347, 'KOR', 'Chang-won', 'Kyongsangnam', 481694),
(2348, 'KOR', 'Masan', 'Kyongsangnam', 441242),
(2349, 'KOR', 'Kwangmyong', 'Kyonggi', 350914),
(2350, 'KOR', 'Chonan', 'Chungchongnam', 330259),
(2351, 'KOR', 'Chinju', 'Kyongsangnam', 329886),
(2352, 'KOR', 'Iksan', 'Chollabuk', 322685),
(2353, 'KOR', 'Pyongtaek', 'Kyonggi', 312927),
(2354, 'KOR', 'Kumi', 'Kyongsangbuk', 311431),
(2355, 'KOR', 'Uijongbu', 'Kyonggi', 276111),
(2356, 'KOR', 'Kyongju', 'Kyongsangbuk', 272968),
(2357, 'KOR', 'Kunsan', 'Chollabuk', 266569),
(2358, 'KOR', 'Cheju', 'Cheju', 258511),
(2359, 'KOR', 'Kimhae', 'Kyongsangnam', 256370),
(2360, 'KOR', 'Sunchon', 'Chollanam', 249263),
(2361, 'KOR', 'Mokpo', 'Chollanam', 247452),
(2362, 'KOR', 'Yong-in', 'Kyonggi', 242643),
(2363, 'KOR', 'Wonju', 'Kang-won', 237460),
(2364, 'KOR', 'Kunpo', 'Kyonggi', 235233),
(2365, 'KOR', 'Chunchon', 'Kang-won', 234528),
(2366, 'KOR', 'Namyangju', 'Kyonggi', 229060),
(2367, 'KOR', 'Kangnung', 'Kang-won', 220403),
(2368, 'KOR', 'Chungju', 'Chungchongbuk', 205206),
(2369, 'KOR', 'Andong', 'Kyongsangbuk', 188443),
(2370, 'KOR', 'Yosu', 'Chollanam', 183596),
(2371, 'KOR', 'Kyongsan', 'Kyongsangbuk', 173746),
(2372, 'KOR', 'Paju', 'Kyonggi', 163379),
(2373, 'KOR', 'Yangsan', 'Kyongsangnam', 163351),
(2374, 'KOR', 'Ichon', 'Kyonggi', 155332),
(2375, 'KOR', 'Asan', 'Chungchongnam', 154663),
(2376, 'KOR', 'Koje', 'Kyongsangnam', 147562),
(2377, 'KOR', 'Kimchon', 'Kyongsangbuk', 147027),
(2378, 'KOR', 'Nonsan', 'Chungchongnam', 146619),
(2379, 'KOR', 'Kuri', 'Kyonggi', 142173),
(2380, 'KOR', 'Chong-up', 'Chollabuk', 139111),
(2381, 'KOR', 'Chechon', 'Chungchongbuk', 137070),
(2382, 'KOR', 'Sosan', 'Chungchongnam', 134746),
(2383, 'KOR', 'Shihung', 'Kyonggi', 133443),
(2384, 'KOR', 'Tong-yong', 'Kyongsangnam', 131717),
(2385, 'KOR', 'Kongju', 'Chungchongnam', 131229),
(2386, 'KOR', 'Yongju', 'Kyongsangbuk', 131097),
(2387, 'KOR', 'Chinhae', 'Kyongsangnam', 125997),
(2388, 'KOR', 'Sangju', 'Kyongsangbuk', 124116),
(2389, 'KOR', 'Poryong', 'Chungchongnam', 122604),
(2390, 'KOR', 'Kwang-yang', 'Chollanam', 122052),
(2391, 'KOR', 'Miryang', 'Kyongsangnam', 121501),
(2392, 'KOR', 'Hanam', 'Kyonggi', 115812),
(2393, 'KOR', 'Kimje', 'Chollabuk', 115427),
(2394, 'KOR', 'Yongchon', 'Kyongsangbuk', 113511),
(2395, 'KOR', 'Sachon', 'Kyongsangnam', 113494),
(2396, 'KOR', 'Uiwang', 'Kyonggi', 108788),
(2397, 'KOR', 'Naju', 'Chollanam', 107831),
(2398, 'KOR', 'Namwon', 'Chollabuk', 103544),
(2399, 'KOR', 'Tonghae', 'Kang-won', 95472),
(2400, 'KOR', 'Mun-gyong', 'Kyongsangbuk', 92239),
(2401, 'GRC', 'Athenai', 'Attika', 772072),
(2402, 'GRC', 'Thessaloniki', 'Central Macedonia', 383967),
(2403, 'GRC', 'Pireus', 'Attika', 182671),
(2404, 'GRC', 'Patras', 'West Greece', 153344),
(2405, 'GRC', 'Peristerion', 'Attika', 137288),
(2406, 'GRC', 'Herakleion', 'Crete', 116178),
(2407, 'GRC', 'Kallithea', 'Attika', 114233),
(2408, 'GRC', 'Larisa', 'Thessalia', 113090),
(2409, 'HRV', 'Zagreb', 'Grad Zagreb', 706770),
(2410, 'HRV', 'Split', 'Split-Dalmatia', 189388),
(2411, 'HRV', 'Rijeka', 'Primorje-Gorski Kota', 167964),
(2412, 'HRV', 'Osijek', 'Osijek-Baranja', 104761),
(2413, 'CUB', 'La Habana', 'La Habana', 2256000),
(2414, 'CUB', 'Santiago de Cuba', 'Santiago de Cuba', 433180),
(2415, 'CUB', 'Camagüey', 'Camagüey', 298726),
(2416, 'CUB', 'Holguín', 'Holguín', 249492),
(2417, 'CUB', 'Santa Clara', 'Villa Clara', 207350),
(2418, 'CUB', 'Guantánamo', 'Guantánamo', 205078),
(2419, 'CUB', 'Pinar del Río', 'Pinar del Río', 142100),
(2420, 'CUB', 'Bayamo', 'Granma', 141000),
(2421, 'CUB', 'Cienfuegos', 'Cienfuegos', 132770),
(2422, 'CUB', 'Victoria de las Tunas', 'Las Tunas', 132350),
(2423, 'CUB', 'Matanzas', 'Matanzas', 123273),
(2424, 'CUB', 'Manzanillo', 'Granma', 109350),
(2425, 'CUB', 'Sancti-Spíritus', 'Sancti-Spíritus', 100751),
(2426, 'CUB', 'Ciego de Ávila', 'Ciego de Ávila', 98505),
(2427, 'KWT', 'al-Salimiya', 'Hawalli', 130215),
(2428, 'KWT', 'Jalib al-Shuyukh', 'Hawalli', 102178),
(2429, 'KWT', 'Kuwait', 'al-Asima', 28859),
(2430, 'CYP', 'Nicosia', 'Nicosia', 195000),
(2431, 'CYP', 'Limassol', 'Limassol', 154400),
(2432, 'LAO', 'Vientiane', 'Viangchan', 531800),
(2433, 'LAO', 'Savannakhet', 'Savannakhet', 96652),
(2434, 'LVA', 'Riga', 'Riika', 764328),
(2435, 'LVA', 'Daugavpils', 'Daugavpils', 114829),
(2436, 'LVA', 'Liepaja', 'Liepaja', 89439),
(2437, 'LSO', 'Maseru', 'Maseru', 297000),
(2438, 'LBN', 'Beirut', 'Beirut', 1100000),
(2439, 'LBN', 'Tripoli', 'al-Shamal', 240000),
(2440, 'LBR', 'Monrovia', 'Montserrado', 850000),
(2441, 'LBY', 'Tripoli', 'Tripoli', 1682000),
(2442, 'LBY', 'Bengasi', 'Bengasi', 804000),
(2443, 'LBY', 'Misrata', 'Misrata', 121669),
(2444, 'LBY', 'al-Zawiya', 'al-Zawiya', 89338),
(2445, 'LIE', 'Schaan', 'Schaan', 5346),
(2446, 'LIE', 'Vaduz', 'Vaduz', 5043),
(2447, 'LTU', 'Vilnius', 'Vilna', 577969),
(2448, 'LTU', 'Kaunas', 'Kaunas', 412639),
(2449, 'LTU', 'Klaipeda', 'Klaipeda', 202451),
(2450, 'LTU', 'Šiauliai', 'Šiauliai', 146563),
(2451, 'LTU', 'Panevezys', 'Panevezys', 133695),
(2452, 'LUX', 'Luxembourg [Luxemburg/Lëtzebuerg]', 'Luxembourg', 80700),
(2453, 'ESH', 'El-Aaiún', 'El-Aaiún', 169000),
(2454, 'MAC', 'Macao', 'Macau', 437500),
(2455, 'MDG', 'Antananarivo', 'Antananarivo', 675669),
(2456, 'MDG', 'Toamasina', 'Toamasina', 127441),
(2457, 'MDG', 'Antsirabé', 'Antananarivo', 120239),
(2458, 'MDG', 'Mahajanga', 'Mahajanga', 100807),
(2459, 'MDG', 'Fianarantsoa', 'Fianarantsoa', 99005),
(2460, 'MKD', 'Skopje', 'Skopje', 444299),
(2461, 'MWI', 'Blantyre', 'Blantyre', 478155),
(2462, 'MWI', 'Lilongwe', 'Lilongwe', 435964),
(2463, 'MDV', 'Male', 'Maale', 71000),
(2464, 'MYS', 'Kuala Lumpur', 'Wilayah Persekutuan', 1297526),
(2465, 'MYS', 'Ipoh', 'Perak', 382853),
(2466, 'MYS', 'Johor Baharu', 'Johor', 328436),
(2467, 'MYS', 'Petaling Jaya', 'Selangor', 254350),
(2468, 'MYS', 'Kelang', 'Selangor', 243355),
(2469, 'MYS', 'Kuala Terengganu', 'Terengganu', 228119),
(2470, 'MYS', 'Pinang', 'Pulau Pinang', 219603),
(2471, 'MYS', 'Kota Bharu', 'Kelantan', 219582),
(2472, 'MYS', 'Kuantan', 'Pahang', 199484),
(2473, 'MYS', 'Taiping', 'Perak', 183261),
(2474, 'MYS', 'Seremban', 'Negeri Sembilan', 182869),
(2475, 'MYS', 'Kuching', 'Sarawak', 148059),
(2476, 'MYS', 'Sibu', 'Sarawak', 126381),
(2477, 'MYS', 'Sandakan', 'Sabah', 125841),
(2478, 'MYS', 'Alor Setar', 'Kedah', 124412),
(2479, 'MYS', 'Selayang Baru', 'Selangor', 124228),
(2480, 'MYS', 'Sungai Petani', 'Kedah', 114763),
(2481, 'MYS', 'Shah Alam', 'Selangor', 102019),
(2482, 'MLI', 'Bamako', 'Bamako', 809552),
(2483, 'MLT', 'Birkirkara', 'Outer Harbour', 21445),
(2484, 'MLT', 'Valletta', 'Inner Harbour', 7073),
(2485, 'MAR', 'Casablanca', 'Casablanca', 2940623),
(2486, 'MAR', 'Rabat', 'Rabat-Salé-Zammour-Z', 623457),
(2487, 'MAR', 'Marrakech', 'Marrakech-Tensift-Al', 621914),
(2488, 'MAR', 'Fès', 'Fès-Boulemane', 541162),
(2489, 'MAR', 'Tanger', 'Tanger-Tétouan', 521735),
(2490, 'MAR', 'Salé', 'Rabat-Salé-Zammour-Z', 504420),
(2491, 'MAR', 'Meknès', 'Meknès-Tafilalet', 460000),
(2492, 'MAR', 'Oujda', 'Oriental', 365382),
(2493, 'MAR', 'Kénitra', 'Gharb-Chrarda-Béni H', 292600),
(2494, 'MAR', 'Tétouan', 'Tanger-Tétouan', 277516),
(2495, 'MAR', 'Safi', 'Doukkala-Abda', 262300),
(2496, 'MAR', 'Agadir', 'Souss Massa-Draâ', 155244),
(2497, 'MAR', 'Mohammedia', 'Casablanca', 154706),
(2498, 'MAR', 'Khouribga', 'Chaouia-Ouardigha', 152090),
(2499, 'MAR', 'Beni-Mellal', 'Tadla-Azilal', 140212),
(2500, 'MAR', 'Témara', 'Rabat-Salé-Zammour-Z', 126303),
(2501, 'MAR', 'El Jadida', 'Doukkala-Abda', 119083),
(2502, 'MAR', 'Nador', 'Oriental', 112450),
(2503, 'MAR', 'Ksar el Kebir', 'Tanger-Tétouan', 107065),
(2504, 'MAR', 'Settat', 'Chaouia-Ouardigha', 96200),
(2505, 'MAR', 'Taza', 'Taza-Al Hoceima-Taou', 92700),
(2506, 'MAR', 'El Araich', 'Tanger-Tétouan', 90400),
(2507, 'MHL', 'Dalap-Uliga-Darrit', 'Majuro', 28000),
(2508, 'MTQ', 'Fort-de-France', 'Fort-de-France', 94050),
(2509, 'MRT', 'Nouakchott', 'Nouakchott', 667300),
(2510, 'MRT', 'Nouâdhibou', 'Dakhlet Nouâdhibou', 97600),
(2511, 'MUS', 'Port-Louis', 'Port-Louis', 138200),
(2512, 'MUS', 'Beau Bassin-Rose Hill', 'Plaines Wilhelms', 100616),
(2513, 'MUS', 'Vacoas-Phoenix', 'Plaines Wilhelms', 98464),
(2514, 'MYT', 'Mamoutzou', 'Mamoutzou', 12000),
(2515, 'MEX', 'Ciudad de México', 'Distrito Federal', 8591309),
(2516, 'MEX', 'Guadalajara', 'Jalisco', 1647720),
(2517, 'MEX', 'Ecatepec de Morelos', 'México', 1620303),
(2518, 'MEX', 'Puebla', 'Puebla', 1346176),
(2519, 'MEX', 'Nezahualcóyotl', 'México', 1224924),
(2520, 'MEX', 'Juárez', 'Chihuahua', 1217818),
(2521, 'MEX', 'Tijuana', 'Baja California', 1212232),
(2522, 'MEX', 'León', 'Guanajuato', 1133576),
(2523, 'MEX', 'Monterrey', 'Nuevo León', 1108499),
(2524, 'MEX', 'Zapopan', 'Jalisco', 1002239),
(2525, 'MEX', 'Naucalpan de Juárez', 'México', 857511),
(2526, 'MEX', 'Mexicali', 'Baja California', 764902),
(2527, 'MEX', 'Culiacán', 'Sinaloa', 744859),
(2528, 'MEX', 'Acapulco de Juárez', 'Guerrero', 721011),
(2529, 'MEX', 'Tlalnepantla de Baz', 'México', 720755),
(2530, 'MEX', 'Mérida', 'Yucatán', 703324),
(2531, 'MEX', 'Chihuahua', 'Chihuahua', 670208),
(2532, 'MEX', 'San Luis Potosí', 'San Luis Potosí', 669353),
(2533, 'MEX', 'Guadalupe', 'Nuevo León', 668780),
(2534, 'MEX', 'Toluca', 'México', 665617),
(2535, 'MEX', 'Aguascalientes', 'Aguascalientes', 643360),
(2536, 'MEX', 'Querétaro', 'Querétaro de Arteaga', 639839),
(2537, 'MEX', 'Morelia', 'Michoacán de Ocampo', 619958),
(2538, 'MEX', 'Hermosillo', 'Sonora', 608697),
(2539, 'MEX', 'Saltillo', 'Coahuila de Zaragoza', 577352),
(2540, 'MEX', 'Torreón', 'Coahuila de Zaragoza', 529093),
(2541, 'MEX', 'Centro (Villahermosa)', 'Tabasco', 519873),
(2542, 'MEX', 'San Nicolás de los Garza', 'Nuevo León', 495540),
(2543, 'MEX', 'Durango', 'Durango', 490524),
(2544, 'MEX', 'Chimalhuacán', 'México', 490245),
(2545, 'MEX', 'Tlaquepaque', 'Jalisco', 475472),
(2546, 'MEX', 'Atizapán de Zaragoza', 'México', 467262),
(2547, 'MEX', 'Veracruz', 'Veracruz', 457119),
(2548, 'MEX', 'Cuautitlán Izcalli', 'México', 452976),
(2549, 'MEX', 'Irapuato', 'Guanajuato', 440039),
(2550, 'MEX', 'Tuxtla Gutiérrez', 'Chiapas', 433544),
(2551, 'MEX', 'Tultitlán', 'México', 432411),
(2552, 'MEX', 'Reynosa', 'Tamaulipas', 419776),
(2553, 'MEX', 'Benito Juárez', 'Quintana Roo', 419276),
(2554, 'MEX', 'Matamoros', 'Tamaulipas', 416428),
(2555, 'MEX', 'Xalapa', 'Veracruz', 390058),
(2556, 'MEX', 'Celaya', 'Guanajuato', 382140),
(2557, 'MEX', 'Mazatlán', 'Sinaloa', 380265),
(2558, 'MEX', 'Ensenada', 'Baja California', 369573),
(2559, 'MEX', 'Ahome', 'Sinaloa', 358663),
(2560, 'MEX', 'Cajeme', 'Sonora', 355679),
(2561, 'MEX', 'Cuernavaca', 'Morelos', 337966),
(2562, 'MEX', 'Tonalá', 'Jalisco', 336109),
(2563, 'MEX', 'Valle de Chalco Solidaridad', 'México', 323113),
(2564, 'MEX', 'Nuevo Laredo', 'Tamaulipas', 310277),
(2565, 'MEX', 'Tepic', 'Nayarit', 305025),
(2566, 'MEX', 'Tampico', 'Tamaulipas', 294789),
(2567, 'MEX', 'Ixtapaluca', 'México', 293160),
(2568, 'MEX', 'Apodaca', 'Nuevo León', 282941),
(2569, 'MEX', 'Guasave', 'Sinaloa', 277201),
(2570, 'MEX', 'Gómez Palacio', 'Durango', 272806),
(2571, 'MEX', 'Tapachula', 'Chiapas', 271141),
(2572, 'MEX', 'Nicolás Romero', 'México', 269393),
(2573, 'MEX', 'Coatzacoalcos', 'Veracruz', 267037),
(2574, 'MEX', 'Uruapan', 'Michoacán de Ocampo', 265211),
(2575, 'MEX', 'Victoria', 'Tamaulipas', 262686),
(2576, 'MEX', 'Oaxaca de Juárez', 'Oaxaca', 256848),
(2577, 'MEX', 'Coacalco de Berriozábal', 'México', 252270),
(2578, 'MEX', 'Pachuca de Soto', 'Hidalgo', 244688),
(2579, 'MEX', 'General Escobedo', 'Nuevo León', 232961),
(2580, 'MEX', 'Salamanca', 'Guanajuato', 226864),
(2581, 'MEX', 'Santa Catarina', 'Nuevo León', 226573),
(2582, 'MEX', 'Tehuacán', 'Puebla', 225943),
(2583, 'MEX', 'Chalco', 'México', 222201),
(2584, 'MEX', 'Cárdenas', 'Tabasco', 216903),
(2585, 'MEX', 'Campeche', 'Campeche', 216735),
(2586, 'MEX', 'La Paz', 'México', 213045),
(2587, 'MEX', 'Othón P. Blanco (Chetumal)', 'Quintana Roo', 208014),
(2588, 'MEX', 'Texcoco', 'México', 203681),
(2589, 'MEX', 'La Paz', 'Baja California Sur', 196708),
(2590, 'MEX', 'Metepec', 'México', 194265),
(2591, 'MEX', 'Monclova', 'Coahuila de Zaragoza', 193657),
(2592, 'MEX', 'Huixquilucan', 'México', 193156),
(2593, 'MEX', 'Chilpancingo de los Bravo', 'Guerrero', 192509),
(2594, 'MEX', 'Puerto Vallarta', 'Jalisco', 183741),
(2595, 'MEX', 'Fresnillo', 'Zacatecas', 182744),
(2596, 'MEX', 'Ciudad Madero', 'Tamaulipas', 182012),
(2597, 'MEX', 'Soledad de Graciano Sánchez', 'San Luis Potosí', 179956),
(2598, 'MEX', 'San Juan del Río', 'Querétaro', 179300),
(2599, 'MEX', 'San Felipe del Progreso', 'México', 177330),
(2600, 'MEX', 'Córdoba', 'Veracruz', 176952),
(2601, 'MEX', 'Tecámac', 'México', 172410),
(2602, 'MEX', 'Ocosingo', 'Chiapas', 171495),
(2603, 'MEX', 'Carmen', 'Campeche', 171367),
(2604, 'MEX', 'Lázaro Cárdenas', 'Michoacán de Ocampo', 170878),
(2605, 'MEX', 'Jiutepec', 'Morelos', 170428),
(2606, 'MEX', 'Papantla', 'Veracruz', 170123),
(2607, 'MEX', 'Comalcalco', 'Tabasco', 164640),
(2608, 'MEX', 'Zamora', 'Michoacán de Ocampo', 161191),
(2609, 'MEX', 'Nogales', 'Sonora', 159103),
(2610, 'MEX', 'Huimanguillo', 'Tabasco', 158335),
(2611, 'MEX', 'Cuautla', 'Morelos', 153132),
(2612, 'MEX', 'Minatitlán', 'Veracruz', 152983),
(2613, 'MEX', 'Poza Rica de Hidalgo', 'Veracruz', 152678),
(2614, 'MEX', 'Ciudad Valles', 'San Luis Potosí', 146411),
(2615, 'MEX', 'Navolato', 'Sinaloa', 145396),
(2616, 'MEX', 'San Luis Río Colorado', 'Sonora', 145276),
(2617, 'MEX', 'Pénjamo', 'Guanajuato', 143927),
(2618, 'MEX', 'San Andrés Tuxtla', 'Veracruz', 142251),
(2619, 'MEX', 'Guanajuato', 'Guanajuato', 141215),
(2620, 'MEX', 'Navojoa', 'Sonora', 140495),
(2621, 'MEX', 'Zitácuaro', 'Michoacán de Ocampo', 137970),
(2622, 'MEX', 'Boca del Río', 'Veracruz-Llave', 135721),
(2623, 'MEX', 'Allende', 'Guanajuato', 134645),
(2624, 'MEX', 'Silao', 'Guanajuato', 134037),
(2625, 'MEX', 'Macuspana', 'Tabasco', 133795),
(2626, 'MEX', 'San Juan Bautista Tuxtepec', 'Oaxaca', 133675),
(2627, 'MEX', 'San Cristóbal de las Casas', 'Chiapas', 132317),
(2628, 'MEX', 'Valle de Santiago', 'Guanajuato', 130557),
(2629, 'MEX', 'Guaymas', 'Sonora', 130108),
(2630, 'MEX', 'Colima', 'Colima', 129454),
(2631, 'MEX', 'Dolores Hidalgo', 'Guanajuato', 128675),
(2632, 'MEX', 'Lagos de Moreno', 'Jalisco', 127949),
(2633, 'MEX', 'Piedras Negras', 'Coahuila de Zaragoza', 127898),
(2634, 'MEX', 'Altamira', 'Tamaulipas', 127490),
(2635, 'MEX', 'Túxpam', 'Veracruz', 126475),
(2636, 'MEX', 'San Pedro Garza García', 'Nuevo León', 126147),
(2637, 'MEX', 'Cuauhtémoc', 'Chihuahua', 124279),
(2638, 'MEX', 'Manzanillo', 'Colima', 124014),
(2639, 'MEX', 'Iguala de la Independencia', 'Guerrero', 123883),
(2640, 'MEX', 'Zacatecas', 'Zacatecas', 123700),
(2641, 'MEX', 'Tlajomulco de Zúñiga', 'Jalisco', 123220),
(2642, 'MEX', 'Tulancingo de Bravo', 'Hidalgo', 121946),
(2643, 'MEX', 'Zinacantepec', 'México', 121715),
(2644, 'MEX', 'San Martín Texmelucan', 'Puebla', 121093),
(2645, 'MEX', 'Tepatitlán de Morelos', 'Jalisco', 118948),
(2646, 'MEX', 'Martínez de la Torre', 'Veracruz', 118815),
(2647, 'MEX', 'Orizaba', 'Veracruz', 118488),
(2648, 'MEX', 'Apatzingán', 'Michoacán de Ocampo', 117849),
(2649, 'MEX', 'Atlixco', 'Puebla', 117019),
(2650, 'MEX', 'Delicias', 'Chihuahua', 116132),
(2651, 'MEX', 'Ixtlahuaca', 'México', 115548),
(2652, 'MEX', 'El Mante', 'Tamaulipas', 112453),
(2653, 'MEX', 'Lerdo', 'Durango', 112272),
(2654, 'MEX', 'Almoloya de Juárez', 'México', 110550),
(2655, 'MEX', 'Acámbaro', 'Guanajuato', 110487),
(2656, 'MEX', 'Acuña', 'Coahuila de Zaragoza', 110388),
(2657, 'MEX', 'Guadalupe', 'Zacatecas', 108881),
(2658, 'MEX', 'Huejutla de Reyes', 'Hidalgo', 108017),
(2659, 'MEX', 'Hidalgo', 'Michoacán de Ocampo', 106198),
(2660, 'MEX', 'Los Cabos', 'Baja California Sur', 105199),
(2661, 'MEX', 'Comitán de Domínguez', 'Chiapas', 104986),
(2662, 'MEX', 'Cunduacán', 'Tabasco', 104164),
(2663, 'MEX', 'Río Bravo', 'Tamaulipas', 103901),
(2664, 'MEX', 'Temapache', 'Veracruz', 102824),
(2665, 'MEX', 'Chilapa de Alvarez', 'Guerrero', 102716),
(2666, 'MEX', 'Hidalgo del Parral', 'Chihuahua', 100881),
(2667, 'MEX', 'San Francisco del Rincón', 'Guanajuato', 100149),
(2668, 'MEX', 'Taxco de Alarcón', 'Guerrero', 99907),
(2669, 'MEX', 'Zumpango', 'México', 99781),
(2670, 'MEX', 'San Pedro Cholula', 'Puebla', 99734),
(2671, 'MEX', 'Lerma', 'México', 99714),
(2672, 'MEX', 'Tecomán', 'Colima', 99296),
(2673, 'MEX', 'Las Margaritas', 'Chiapas', 97389),
(2674, 'MEX', 'Cosoleacaque', 'Veracruz', 97199),
(2675, 'MEX', 'San Luis de la Paz', 'Guanajuato', 96763),
(2676, 'MEX', 'José Azueta', 'Guerrero', 95448),
(2677, 'MEX', 'Santiago Ixcuintla', 'Nayarit', 95311),
(2678, 'MEX', 'San Felipe', 'Guanajuato', 95305),
(2679, 'MEX', 'Tejupilco', 'México', 94934),
(2680, 'MEX', 'Tantoyuca', 'Veracruz', 94709),
(2681, 'MEX', 'Salvatierra', 'Guanajuato', 94322),
(2682, 'MEX', 'Tultepec', 'México', 93364),
(2683, 'MEX', 'Temixco', 'Morelos', 92686),
(2684, 'MEX', 'Matamoros', 'Coahuila de Zaragoza', 91858),
(2685, 'MEX', 'Pánuco', 'Veracruz', 90551),
(2686, 'MEX', 'El Fuerte', 'Sinaloa', 89556),
(2687, 'MEX', 'Tierra Blanca', 'Veracruz', 89143),
(2688, 'FSM', 'Weno', 'Chuuk', 22000),
(2689, 'FSM', 'Palikir', 'Pohnpei', 8600),
(2690, 'MDA', 'Chisinau', 'Chisinau', 719900),
(2691, 'MDA', 'Tiraspol', 'Dnjestria', 194300),
(2692, 'MDA', 'Balti', 'Balti', 153400),
(2693, 'MDA', 'Bender (Tîghina)', 'Bender (Tîghina)', 125700),
(2694, 'MCO', 'Monte-Carlo', '–', 13154),
(2695, 'MCO', 'Monaco-Ville', '–', 1234),
(2696, 'MNG', 'Ulan Bator', 'Ulaanbaatar', 773700),
(2697, 'MSR', 'Plymouth', 'Plymouth', 2000),
(2698, 'MOZ', 'Maputo', 'Maputo', 1018938),
(2699, 'MOZ', 'Matola', 'Maputo', 424662),
(2700, 'MOZ', 'Beira', 'Sofala', 397368),
(2701, 'MOZ', 'Nampula', 'Nampula', 303346),
(2702, 'MOZ', 'Chimoio', 'Manica', 171056),
(2703, 'MOZ', 'Naçala-Porto', 'Nampula', 158248),
(2704, 'MOZ', 'Quelimane', 'Zambézia', 150116),
(2705, 'MOZ', 'Mocuba', 'Zambézia', 124700),
(2706, 'MOZ', 'Tete', 'Tete', 101984),
(2707, 'MOZ', 'Xai-Xai', 'Gaza', 99442),
(2708, 'MOZ', 'Gurue', 'Zambézia', 99300),
(2709, 'MOZ', 'Maxixe', 'Inhambane', 93985),
(2710, 'MMR', 'Rangoon (Yangon)', 'Rangoon [Yangon]', 3361700),
(2711, 'MMR', 'Mandalay', 'Mandalay', 885300),
(2712, 'MMR', 'Moulmein (Mawlamyine)', 'Mon', 307900),
(2713, 'MMR', 'Pegu (Bago)', 'Pegu [Bago]', 190900),
(2714, 'MMR', 'Bassein (Pathein)', 'Irrawaddy [Ayeyarwad', 183900),
(2715, 'MMR', 'Monywa', 'Sagaing', 138600),
(2716, 'MMR', 'Sittwe (Akyab)', 'Rakhine', 137600),
(2717, 'MMR', 'Taunggyi (Taunggye)', 'Shan', 131500),
(2718, 'MMR', 'Meikhtila', 'Mandalay', 129700),
(2719, 'MMR', 'Mergui (Myeik)', 'Tenasserim [Tanintha', 122700),
(2720, 'MMR', 'Lashio (Lasho)', 'Shan', 107600),
(2721, 'MMR', 'Prome (Pyay)', 'Pegu [Bago]', 105700),
(2722, 'MMR', 'Henzada (Hinthada)', 'Irrawaddy [Ayeyarwad', 104700),
(2723, 'MMR', 'Myingyan', 'Mandalay', 103600),
(2724, 'MMR', 'Tavoy (Dawei)', 'Tenasserim [Tanintha', 96800),
(2725, 'MMR', 'Pagakku (Pakokku)', 'Magwe [Magway]', 94800),
(2726, 'NAM', 'Windhoek', 'Khomas', 169000),
(2727, 'NRU', 'Yangor', '–', 4050),
(2728, 'NRU', 'Yaren', '–', 559),
(2729, 'NPL', 'Kathmandu', 'Central', 591835),
(2730, 'NPL', 'Biratnagar', 'Eastern', 157764),
(2731, 'NPL', 'Pokhara', 'Western', 146318),
(2732, 'NPL', 'Lalitapur', 'Central', 145847),
(2733, 'NPL', 'Birgunj', 'Central', 90639),
(2734, 'NIC', 'Managua', 'Managua', 959000),
(2735, 'NIC', 'León', 'León', 123865),
(2736, 'NIC', 'Chinandega', 'Chinandega', 97387),
(2737, 'NIC', 'Masaya', 'Masaya', 88971),
(2738, 'NER', 'Niamey', 'Niamey', 420000),
(2739, 'NER', 'Zinder', 'Zinder', 120892),
(2740, 'NER', 'Maradi', 'Maradi', 112965),
(2741, 'NGA', 'Lagos', 'Lagos', 1518000),
(2742, 'NGA', 'Ibadan', 'Oyo & Osun', 1432000),
(2743, 'NGA', 'Ogbomosho', 'Oyo & Osun', 730000),
(2744, 'NGA', 'Kano', 'Kano & Jigawa', 674100),
(2745, 'NGA', 'Oshogbo', 'Oyo & Osun', 476800),
(2746, 'NGA', 'Ilorin', 'Kwara & Kogi', 475800),
(2747, 'NGA', 'Abeokuta', 'Ogun', 427400),
(2748, 'NGA', 'Port Harcourt', 'Rivers & Bayelsa', 410000),
(2749, 'NGA', 'Zaria', 'Kaduna', 379200),
(2750, 'NGA', 'Ilesha', 'Oyo & Osun', 378400),
(2751, 'NGA', 'Onitsha', 'Anambra & Enugu & Eb', 371900),
(2752, 'NGA', 'Iwo', 'Oyo & Osun', 362000),
(2753, 'NGA', 'Ado-Ekiti', 'Ondo & Ekiti', 359400),
(2754, 'NGA', 'Abuja', 'Federal Capital Dist', 350100),
(2755, 'NGA', 'Kaduna', 'Kaduna', 342200),
(2756, 'NGA', 'Mushin', 'Lagos', 333200),
(2757, 'NGA', 'Maiduguri', 'Borno & Yobe', 320000),
(2758, 'NGA', 'Enugu', 'Anambra & Enugu & Eb', 316100),
(2759, 'NGA', 'Ede', 'Oyo & Osun', 307100),
(2760, 'NGA', 'Aba', 'Imo & Abia', 298900),
(2761, 'NGA', 'Ife', 'Oyo & Osun', 296800),
(2762, 'NGA', 'Ila', 'Oyo & Osun', 264000),
(2763, 'NGA', 'Oyo', 'Oyo & Osun', 256400),
(2764, 'NGA', 'Ikerre', 'Ondo & Ekiti', 244600),
(2765, 'NGA', 'Benin City', 'Edo & Delta', 229400),
(2766, 'NGA', 'Iseyin', 'Oyo & Osun', 217300),
(2767, 'NGA', 'Katsina', 'Katsina', 206500),
(2768, 'NGA', 'Jos', 'Plateau & Nassarawa', 206300),
(2769, 'NGA', 'Sokoto', 'Sokoto & Kebbi & Zam', 204900),
(2770, 'NGA', 'Ilobu', 'Oyo & Osun', 199000),
(2771, 'NGA', 'Offa', 'Kwara & Kogi', 197200),
(2772, 'NGA', 'Ikorodu', 'Lagos', 184900),
(2773, 'NGA', 'Ilawe-Ekiti', 'Ondo & Ekiti', 184500),
(2774, 'NGA', 'Owo', 'Ondo & Ekiti', 183500),
(2775, 'NGA', 'Ikirun', 'Oyo & Osun', 181400),
(2776, 'NGA', 'Shaki', 'Oyo & Osun', 174500),
(2777, 'NGA', 'Calabar', 'Cross River', 174400),
(2778, 'NGA', 'Ondo', 'Ondo & Ekiti', 173600),
(2779, 'NGA', 'Akure', 'Ondo & Ekiti', 162300),
(2780, 'NGA', 'Gusau', 'Sokoto & Kebbi & Zam', 158000),
(2781, 'NGA', 'Ijebu-Ode', 'Ogun', 156400),
(2782, 'NGA', 'Effon-Alaiye', 'Oyo & Osun', 153100),
(2783, 'NGA', 'Kumo', 'Bauchi & Gombe', 148000),
(2784, 'NGA', 'Shomolu', 'Lagos', 147700),
(2785, 'NGA', 'Oka-Akoko', 'Ondo & Ekiti', 142900),
(2786, 'NGA', 'Ikare', 'Ondo & Ekiti', 140800),
(2787, 'NGA', 'Sapele', 'Edo & Delta', 139200),
(2788, 'NGA', 'Deba Habe', 'Bauchi & Gombe', 138600),
(2789, 'NGA', 'Minna', 'Niger', 136900),
(2790, 'NGA', 'Warri', 'Edo & Delta', 126100),
(2791, 'NGA', 'Bida', 'Niger', 125500),
(2792, 'NGA', 'Ikire', 'Oyo & Osun', 123300),
(2793, 'NGA', 'Makurdi', 'Benue', 123100),
(2794, 'NGA', 'Lafia', 'Plateau & Nassarawa', 122500),
(2795, 'NGA', 'Inisa', 'Oyo & Osun', 119800),
(2796, 'NGA', 'Shagamu', 'Ogun', 117200),
(2797, 'NGA', 'Awka', 'Anambra & Enugu & Eb', 111200),
(2798, 'NGA', 'Gombe', 'Bauchi & Gombe', 107800),
(2799, 'NGA', 'Igboho', 'Oyo & Osun', 106800),
(2800, 'NGA', 'Ejigbo', 'Oyo & Osun', 105900),
(2801, 'NGA', 'Agege', 'Lagos', 105000),
(2802, 'NGA', 'Ise-Ekiti', 'Ondo & Ekiti', 103400),
(2803, 'NGA', 'Ugep', 'Cross River', 102600),
(2804, 'NGA', 'Epe', 'Lagos', 101000),
(2805, 'NIU', 'Alofi', '–', 682),
(2806, 'NFK', 'Kingston', '–', 800),
(2807, 'NOR', 'Oslo', 'Oslo', 508726),
(2808, 'NOR', 'Bergen', 'Hordaland', 230948),
(2809, 'NOR', 'Trondheim', 'Sør-Trøndelag', 150166),
(2810, 'NOR', 'Stavanger', 'Rogaland', 108848),
(2811, 'NOR', 'Bærum', 'Akershus', 101340),
(2812, 'CIV', 'Abidjan', 'Abidjan', 2500000),
(2813, 'CIV', 'Bouaké', 'Bouaké', 329850),
(2814, 'CIV', 'Yamoussoukro', 'Yamoussoukro', 130000),
(2815, 'CIV', 'Daloa', 'Daloa', 121842),
(2816, 'CIV', 'Korhogo', 'Korhogo', 109445),
(2817, 'OMN', 'al-Sib', 'Masqat', 155000),
(2818, 'OMN', 'Salala', 'Zufar', 131813),
(2819, 'OMN', 'Bawshar', 'Masqat', 107500),
(2820, 'OMN', 'Suhar', 'al-Batina', 90814),
(2821, 'OMN', 'Masqat', 'Masqat', 51969),
(2822, 'PAK', 'Karachi', 'Sindh', 9269265),
(2823, 'PAK', 'Lahore', 'Punjab', 5063499),
(2824, 'PAK', 'Faisalabad', 'Punjab', 1977246),
(2825, 'PAK', 'Rawalpindi', 'Punjab', 1406214),
(2826, 'PAK', 'Multan', 'Punjab', 1182441),
(2827, 'PAK', 'Hyderabad', 'Sindh', 1151274),
(2828, 'PAK', 'Gujranwala', 'Punjab', 1124749),
(2829, 'PAK', 'Peshawar', 'Nothwest Border Prov', 988005),
(2830, 'PAK', 'Quetta', 'Baluchistan', 560307),
(2831, 'PAK', 'Islamabad', 'Islamabad', 524500),
(2832, 'PAK', 'Sargodha', 'Punjab', 455360),
(2833, 'PAK', 'Sialkot', 'Punjab', 417597),
(2834, 'PAK', 'Bahawalpur', 'Punjab', 403408),
(2835, 'PAK', 'Sukkur', 'Sindh', 329176),
(2836, 'PAK', 'Jhang', 'Punjab', 292214),
(2837, 'PAK', 'Sheikhupura', 'Punjab', 271875),
(2838, 'PAK', 'Larkana', 'Sindh', 270366),
(2839, 'PAK', 'Gujrat', 'Punjab', 250121),
(2840, 'PAK', 'Mardan', 'Nothwest Border Prov', 244511),
(2841, 'PAK', 'Kasur', 'Punjab', 241649),
(2842, 'PAK', 'Rahim Yar Khan', 'Punjab', 228479),
(2843, 'PAK', 'Sahiwal', 'Punjab', 207388),
(2844, 'PAK', 'Okara', 'Punjab', 200901),
(2845, 'PAK', 'Wah', 'Punjab', 198400),
(2846, 'PAK', 'Dera Ghazi Khan', 'Punjab', 188100),
(2847, 'PAK', 'Mirpur Khas', 'Sind', 184500),
(2848, 'PAK', 'Nawabshah', 'Sind', 183100),
(2849, 'PAK', 'Mingora', 'Nothwest Border Prov', 174500),
(2850, 'PAK', 'Chiniot', 'Punjab', 169300),
(2851, 'PAK', 'Kamoke', 'Punjab', 151000),
(2852, 'PAK', 'Mandi Burewala', 'Punjab', 149900),
(2853, 'PAK', 'Jhelum', 'Punjab', 145800),
(2854, 'PAK', 'Sadiqabad', 'Punjab', 141500),
(2855, 'PAK', 'Jacobabad', 'Sind', 137700),
(2856, 'PAK', 'Shikarpur', 'Sind', 133300),
(2857, 'PAK', 'Khanewal', 'Punjab', 133000),
(2858, 'PAK', 'Hafizabad', 'Punjab', 130200),
(2859, 'PAK', 'Kohat', 'Nothwest Border Prov', 125300),
(2860, 'PAK', 'Muzaffargarh', 'Punjab', 121600),
(2861, 'PAK', 'Khanpur', 'Punjab', 117800),
(2862, 'PAK', 'Gojra', 'Punjab', 115000),
(2863, 'PAK', 'Bahawalnagar', 'Punjab', 109600),
(2864, 'PAK', 'Muridke', 'Punjab', 108600),
(2865, 'PAK', 'Pak Pattan', 'Punjab', 107800),
(2866, 'PAK', 'Abottabad', 'Nothwest Border Prov', 106000),
(2867, 'PAK', 'Tando Adam', 'Sind', 103400),
(2868, 'PAK', 'Jaranwala', 'Punjab', 103300),
(2869, 'PAK', 'Khairpur', 'Sind', 102200),
(2870, 'PAK', 'Chishtian Mandi', 'Punjab', 101700),
(2871, 'PAK', 'Daska', 'Punjab', 101500),
(2872, 'PAK', 'Dadu', 'Sind', 98600),
(2873, 'PAK', 'Mandi Bahauddin', 'Punjab', 97300),
(2874, 'PAK', 'Ahmadpur East', 'Punjab', 96000),
(2875, 'PAK', 'Kamalia', 'Punjab', 95300),
(2876, 'PAK', 'Khuzdar', 'Baluchistan', 93100),
(2877, 'PAK', 'Vihari', 'Punjab', 92300),
(2878, 'PAK', 'Dera Ismail Khan', 'Nothwest Border Prov', 90400),
(2879, 'PAK', 'Wazirabad', 'Punjab', 89700),
(2880, 'PAK', 'Nowshera', 'Nothwest Border Prov', 89400),
(2881, 'PLW', 'Koror', 'Koror', 12000),
(2882, 'PAN', 'Ciudad de Panamá', 'Panamá', 471373),
(2883, 'PAN', 'San Miguelito', 'San Miguelito', 315382),
(2884, 'PNG', 'Port Moresby', 'National Capital Dis', 247000),
(2885, 'PRY', 'Asunción', 'Asunción', 557776),
(2886, 'PRY', 'Ciudad del Este', 'Alto Paraná', 133881),
(2887, 'PRY', 'San Lorenzo', 'Central', 133395),
(2888, 'PRY', 'Lambaré', 'Central', 99681),
(2889, 'PRY', 'Fernando de la Mora', 'Central', 95287),
(2890, 'PER', 'Lima', 'Lima', 6464693),
(2891, 'PER', 'Arequipa', 'Arequipa', 762000),
(2892, 'PER', 'Trujillo', 'La Libertad', 652000),
(2893, 'PER', 'Chiclayo', 'Lambayeque', 517000),
(2894, 'PER', 'Callao', 'Callao', 424294),
(2895, 'PER', 'Iquitos', 'Loreto', 367000),
(2896, 'PER', 'Chimbote', 'Ancash', 336000),
(2897, 'PER', 'Huancayo', 'Junín', 327000),
(2898, 'PER', 'Piura', 'Piura', 325000),
(2899, 'PER', 'Cusco', 'Cusco', 291000),
(2900, 'PER', 'Pucallpa', 'Ucayali', 220866),
(2901, 'PER', 'Tacna', 'Tacna', 215683),
(2902, 'PER', 'Ica', 'Ica', 194820),
(2903, 'PER', 'Sullana', 'Piura', 147361),
(2904, 'PER', 'Juliaca', 'Puno', 142576),
(2905, 'PER', 'Huánuco', 'Huanuco', 129688),
(2906, 'PER', 'Ayacucho', 'Ayacucho', 118960),
(2907, 'PER', 'Chincha Alta', 'Ica', 110016),
(2908, 'PER', 'Cajamarca', 'Cajamarca', 108009),
(2909, 'PER', 'Puno', 'Puno', 101578),
(2910, 'PER', 'Ventanilla', 'Callao', 101056),
(2911, 'PER', 'Castilla', 'Piura', 90642),
(2912, 'PCN', 'Adamstown', '–', 42),
(2913, 'MNP', 'Garapan', 'Saipan', 9200),
(2914, 'PRT', 'Lisboa', 'Lisboa', 563210),
(2915, 'PRT', 'Porto', 'Porto', 273060),
(2916, 'PRT', 'Amadora', 'Lisboa', 122106),
(2917, 'PRT', 'Coímbra', 'Coímbra', 96100),
(2918, 'PRT', 'Braga', 'Braga', 90535),
(2919, 'PRI', 'San Juan', 'San Juan', 434374),
(2920, 'PRI', 'Bayamón', 'Bayamón', 224044),
(2921, 'PRI', 'Ponce', 'Ponce', 186475),
(2922, 'PRI', 'Carolina', 'Carolina', 186076),
(2923, 'PRI', 'Caguas', 'Caguas', 140502),
(2924, 'PRI', 'Arecibo', 'Arecibo', 100131),
(2925, 'PRI', 'Guaynabo', 'Guaynabo', 100053),
(2926, 'PRI', 'Mayagüez', 'Mayagüez', 98434),
(2927, 'PRI', 'Toa Baja', 'Toa Baja', 94085),
(2928, 'POL', 'Warszawa', 'Mazowieckie', 1615369),
(2929, 'POL', 'Lódz', 'Lodzkie', 800110),
(2930, 'POL', 'Kraków', 'Malopolskie', 738150),
(2931, 'POL', 'Wroclaw', 'Dolnoslaskie', 636765),
(2932, 'POL', 'Poznan', 'Wielkopolskie', 576899),
(2933, 'POL', 'Gdansk', 'Pomorskie', 458988),
(2934, 'POL', 'Szczecin', 'Zachodnio-Pomorskie', 416988),
(2935, 'POL', 'Bydgoszcz', 'Kujawsko-Pomorskie', 386855),
(2936, 'POL', 'Lublin', 'Lubelskie', 356251),
(2937, 'POL', 'Katowice', 'Slaskie', 345934),
(2938, 'POL', 'Bialystok', 'Podlaskie', 283937),
(2939, 'POL', 'Czestochowa', 'Slaskie', 257812),
(2940, 'POL', 'Gdynia', 'Pomorskie', 253521),
(2941, 'POL', 'Sosnowiec', 'Slaskie', 244102),
(2942, 'POL', 'Radom', 'Mazowieckie', 232262),
(2943, 'POL', 'Kielce', 'Swietokrzyskie', 212383),
(2944, 'POL', 'Gliwice', 'Slaskie', 212164),
(2945, 'POL', 'Torun', 'Kujawsko-Pomorskie', 206158),
(2946, 'POL', 'Bytom', 'Slaskie', 205560),
(2947, 'POL', 'Zabrze', 'Slaskie', 200177),
(2948, 'POL', 'Bielsko-Biala', 'Slaskie', 180307),
(2949, 'POL', 'Olsztyn', 'Warminsko-Mazurskie', 170904),
(2950, 'POL', 'Rzeszów', 'Podkarpackie', 162049),
(2951, 'POL', 'Ruda Slaska', 'Slaskie', 159665),
(2952, 'POL', 'Rybnik', 'Slaskie', 144582),
(2953, 'POL', 'Walbrzych', 'Dolnoslaskie', 136923),
(2954, 'POL', 'Tychy', 'Slaskie', 133178),
(2955, 'POL', 'Dabrowa Górnicza', 'Slaskie', 131037),
(2956, 'POL', 'Plock', 'Mazowieckie', 131011),
(2957, 'POL', 'Elblag', 'Warminsko-Mazurskie', 129782),
(2958, 'POL', 'Opole', 'Opolskie', 129553),
(2959, 'POL', 'Gorzów Wielkopolski', 'Lubuskie', 126019),
(2960, 'POL', 'Wloclawek', 'Kujawsko-Pomorskie', 123373),
(2961, 'POL', 'Chorzów', 'Slaskie', 121708),
(2962, 'POL', 'Tarnów', 'Malopolskie', 121494),
(2963, 'POL', 'Zielona Góra', 'Lubuskie', 118182),
(2964, 'POL', 'Koszalin', 'Zachodnio-Pomorskie', 112375),
(2965, 'POL', 'Legnica', 'Dolnoslaskie', 109335),
(2966, 'POL', 'Kalisz', 'Wielkopolskie', 106641),
(2967, 'POL', 'Grudziadz', 'Kujawsko-Pomorskie', 102434),
(2968, 'POL', 'Slupsk', 'Pomorskie', 102370),
(2969, 'POL', 'Jastrzebie-Zdrój', 'Slaskie', 102294),
(2970, 'POL', 'Jaworzno', 'Slaskie', 97929),
(2971, 'POL', 'Jelenia Góra', 'Dolnoslaskie', 93901),
(2972, 'GNQ', 'Malabo', 'Bioko', 40000),
(2973, 'QAT', 'Doha', 'Doha', 355000),
(2974, 'FRA', 'Paris', 'Île-de-France', 2125246),
(2975, 'FRA', 'Marseille', 'Provence-Alpes-Côte', 798430),
(2976, 'FRA', 'Lyon', 'Rhône-Alpes', 445452),
(2977, 'FRA', 'Toulouse', 'Midi-Pyrénées', 390350),
(2978, 'FRA', 'Nice', 'Provence-Alpes-Côte', 342738),
(2979, 'FRA', 'Nantes', 'Pays de la Loire', 270251),
(2980, 'FRA', 'Strasbourg', 'Alsace', 264115),
(2981, 'FRA', 'Montpellier', 'Languedoc-Roussillon', 225392),
(2982, 'FRA', 'Bordeaux', 'Aquitaine', 215363),
(2983, 'FRA', 'Rennes', 'Haute-Normandie', 206229),
(2984, 'FRA', 'Le Havre', 'Champagne-Ardenne', 190905),
(2985, 'FRA', 'Reims', 'Nord-Pas-de-Calais', 187206),
(2986, 'FRA', 'Lille', 'Rhône-Alpes', 184657),
(2987, 'FRA', 'St-Étienne', 'Bretagne', 180210),
(2988, 'FRA', 'Toulon', 'Provence-Alpes-Côte', 160639),
(2989, 'FRA', 'Grenoble', 'Rhône-Alpes', 153317),
(2990, 'FRA', 'Angers', 'Pays de la Loire', 151279),
(2991, 'FRA', 'Dijon', 'Bourgogne', 149867),
(2992, 'FRA', 'Brest', 'Bretagne', 149634),
(2993, 'FRA', 'Le Mans', 'Pays de la Loire', 146105),
(2994, 'FRA', 'Clermont-Ferrand', 'Auvergne', 137140),
(2995, 'FRA', 'Amiens', 'Picardie', 135501),
(2996, 'FRA', 'Aix-en-Provence', 'Provence-Alpes-Côte', 134222),
(2997, 'FRA', 'Limoges', 'Limousin', 133968),
(2998, 'FRA', 'Nîmes', 'Languedoc-Roussillon', 133424),
(2999, 'FRA', 'Tours', 'Centre', 132820),
(3000, 'FRA', 'Villeurbanne', 'Rhône-Alpes', 124215),
(3001, 'FRA', 'Metz', 'Lorraine', 123776),
(3002, 'FRA', 'Besançon', 'Franche-Comté', 117733),
(3003, 'FRA', 'Caen', 'Basse-Normandie', 113987),
(3004, 'FRA', 'Orléans', 'Centre', 113126),
(3005, 'FRA', 'Mulhouse', 'Alsace', 110359),
(3006, 'FRA', 'Rouen', 'Haute-Normandie', 106592),
(3007, 'FRA', 'Boulogne-Billancourt', 'Île-de-France', 106367),
(3008, 'FRA', 'Perpignan', 'Languedoc-Roussillon', 105115),
(3009, 'FRA', 'Nancy', 'Lorraine', 103605),
(3010, 'FRA', 'Roubaix', 'Nord-Pas-de-Calais', 96984),
(3011, 'FRA', 'Argenteuil', 'Île-de-France', 93961),
(3012, 'FRA', 'Tourcoing', 'Nord-Pas-de-Calais', 93540),
(3013, 'FRA', 'Montreuil', 'Île-de-France', 90674),
(3014, 'GUF', 'Cayenne', 'Cayenne', 50699),
(3015, 'PYF', 'Faaa', 'Tahiti', 25888),
(3016, 'PYF', 'Papeete', 'Tahiti', 25553),
(3017, 'REU', 'Saint-Denis', 'Saint-Denis', 131480),
(3018, 'ROM', 'Bucuresti', 'Bukarest', 2016131),
(3019, 'ROM', 'Iasi', 'Iasi', 348070),
(3020, 'ROM', 'Constanta', 'Constanta', 342264),
(3021, 'ROM', 'Cluj-Napoca', 'Cluj', 332498),
(3022, 'ROM', 'Galati', 'Galati', 330276),
(3023, 'ROM', 'Timisoara', 'Timis', 324304),
(3024, 'ROM', 'Brasov', 'Brasov', 314225),
(3025, 'ROM', 'Craiova', 'Dolj', 313530),
(3026, 'ROM', 'Ploiesti', 'Prahova', 251348),
(3027, 'ROM', 'Braila', 'Braila', 233756),
(3028, 'ROM', 'Oradea', 'Bihor', 222239),
(3029, 'ROM', 'Bacau', 'Bacau', 209235),
(3030, 'ROM', 'Pitesti', 'Arges', 187170),
(3031, 'ROM', 'Arad', 'Arad', 184408),
(3032, 'ROM', 'Sibiu', 'Sibiu', 169611),
(3033, 'ROM', 'Târgu Mures', 'Mures', 165153),
(3034, 'ROM', 'Baia Mare', 'Maramures', 149665),
(3035, 'ROM', 'Buzau', 'Buzau', 148372),
(3036, 'ROM', 'Satu Mare', 'Satu Mare', 130059),
(3037, 'ROM', 'Botosani', 'Botosani', 128730),
(3038, 'ROM', 'Piatra Neamt', 'Neamt', 125070),
(3039, 'ROM', 'Râmnicu Vâlcea', 'Vâlcea', 119741),
(3040, 'ROM', 'Suceava', 'Suceava', 118549),
(3041, 'ROM', 'Drobeta-Turnu Severin', 'Mehedinti', 117865),
(3042, 'ROM', 'Târgoviste', 'Dâmbovita', 98980),
(3043, 'ROM', 'Focsani', 'Vrancea', 98979),
(3044, 'ROM', 'Târgu Jiu', 'Gorj', 98524),
(3045, 'ROM', 'Tulcea', 'Tulcea', 96278),
(3046, 'ROM', 'Resita', 'Caras-Severin', 93976),
(3047, 'RWA', 'Kigali', 'Kigali', 286000),
(3048, 'SWE', 'Stockholm', 'Lisboa', 750348),
(3049, 'SWE', 'Gothenburg [Göteborg]', 'West Götanmaan län', 466990),
(3050, 'SWE', 'Malmö', 'Skåne län', 259579),
(3051, 'SWE', 'Uppsala', 'Uppsala län', 189569),
(3052, 'SWE', 'Linköping', 'East Götanmaan län', 133168),
(3053, 'SWE', 'Västerås', 'Västmanlands län', 126328),
(3054, 'SWE', 'Örebro', 'Örebros län', 124207),
(3055, 'SWE', 'Norrköping', 'East Götanmaan län', 122199),
(3056, 'SWE', 'Helsingborg', 'Skåne län', 117737),
(3057, 'SWE', 'Jönköping', 'Jönköpings län', 117095),
(3058, 'SWE', 'Umeå', 'Västerbottens län', 104512),
(3059, 'SWE', 'Lund', 'Skåne län', 98948),
(3060, 'SWE', 'Borås', 'West Götanmaan län', 96883),
(3061, 'SWE', 'Sundsvall', 'Västernorrlands län', 93126),
(3062, 'SWE', 'Gävle', 'Gävleborgs län', 90742),
(3063, 'SHN', 'Jamestown', 'Saint Helena', 1500),
(3064, 'KNA', 'Basseterre', 'St George Basseterre', 11600),
(3065, 'LCA', 'Castries', 'Castries', 2301),
(3066, 'VCT', 'Kingstown', 'St George', 17100),
(3067, 'SPM', 'Saint-Pierre', 'Saint-Pierre', 5808),
(3068, 'DEU', 'Berlin', 'Berliini', 3386667),
(3069, 'DEU', 'Hamburg', 'Hamburg', 1704735),
(3070, 'DEU', 'Munich [München]', 'Baijeri', 1194560),
(3071, 'DEU', 'Köln', 'Nordrhein-Westfalen', 962507),
(3072, 'DEU', 'Frankfurt am Main', 'Hessen', 643821),
(3073, 'DEU', 'Essen', 'Nordrhein-Westfalen', 599515),
(3074, 'DEU', 'Dortmund', 'Nordrhein-Westfalen', 590213),
(3075, 'DEU', 'Stuttgart', 'Baden-Württemberg', 582443),
(3076, 'DEU', 'Düsseldorf', 'Nordrhein-Westfalen', 568855),
(3077, 'DEU', 'Bremen', 'Bremen', 540330),
(3078, 'DEU', 'Duisburg', 'Nordrhein-Westfalen', 519793),
(3079, 'DEU', 'Hannover', 'Niedersachsen', 514718),
(3080, 'DEU', 'Leipzig', 'Saksi', 489532),
(3081, 'DEU', 'Nürnberg', 'Baijeri', 486628),
(3082, 'DEU', 'Dresden', 'Saksi', 476668),
(3083, 'DEU', 'Bochum', 'Nordrhein-Westfalen', 392830),
(3084, 'DEU', 'Wuppertal', 'Nordrhein-Westfalen', 368993),
(3085, 'DEU', 'Bielefeld', 'Nordrhein-Westfalen', 321125),
(3086, 'DEU', 'Mannheim', 'Baden-Württemberg', 307730),
(3087, 'DEU', 'Bonn', 'Nordrhein-Westfalen', 301048),
(3088, 'DEU', 'Gelsenkirchen', 'Nordrhein-Westfalen', 281979),
(3089, 'DEU', 'Karlsruhe', 'Baden-Württemberg', 277204),
(3090, 'DEU', 'Wiesbaden', 'Hessen', 268716),
(3091, 'DEU', 'Münster', 'Nordrhein-Westfalen', 264670),
(3092, 'DEU', 'Mönchengladbach', 'Nordrhein-Westfalen', 263697),
(3093, 'DEU', 'Chemnitz', 'Saksi', 263222),
(3094, 'DEU', 'Augsburg', 'Baijeri', 254867),
(3095, 'DEU', 'Halle/Saale', 'Anhalt Sachsen', 254360),
(3096, 'DEU', 'Braunschweig', 'Niedersachsen', 246322),
(3097, 'DEU', 'Aachen', 'Nordrhein-Westfalen', 243825),
(3098, 'DEU', 'Krefeld', 'Nordrhein-Westfalen', 241769),
(3099, 'DEU', 'Magdeburg', 'Anhalt Sachsen', 235073),
(3100, 'DEU', 'Kiel', 'Schleswig-Holstein', 233795),
(3101, 'DEU', 'Oberhausen', 'Nordrhein-Westfalen', 222349),
(3102, 'DEU', 'Lübeck', 'Schleswig-Holstein', 213326),
(3103, 'DEU', 'Hagen', 'Nordrhein-Westfalen', 205201),
(3104, 'DEU', 'Rostock', 'Mecklenburg-Vorpomme', 203279),
(3105, 'DEU', 'Freiburg im Breisgau', 'Baden-Württemberg', 202455),
(3106, 'DEU', 'Erfurt', 'Thüringen', 201267),
(3107, 'DEU', 'Kassel', 'Hessen', 196211),
(3108, 'DEU', 'Saarbrücken', 'Saarland', 183836),
(3109, 'DEU', 'Mainz', 'Rheinland-Pfalz', 183134),
(3110, 'DEU', 'Hamm', 'Nordrhein-Westfalen', 181804),
(3111, 'DEU', 'Herne', 'Nordrhein-Westfalen', 175661),
(3112, 'DEU', 'Mülheim an der Ruhr', 'Nordrhein-Westfalen', 173895),
(3113, 'DEU', 'Solingen', 'Nordrhein-Westfalen', 165583),
(3114, 'DEU', 'Osnabrück', 'Niedersachsen', 164539),
(3115, 'DEU', 'Ludwigshafen am Rhein', 'Rheinland-Pfalz', 163771),
(3116, 'DEU', 'Leverkusen', 'Nordrhein-Westfalen', 160841),
(3117, 'DEU', 'Oldenburg', 'Niedersachsen', 154125),
(3118, 'DEU', 'Neuss', 'Nordrhein-Westfalen', 149702),
(3119, 'DEU', 'Heidelberg', 'Baden-Württemberg', 139672),
(3120, 'DEU', 'Darmstadt', 'Hessen', 137776),
(3121, 'DEU', 'Paderborn', 'Nordrhein-Westfalen', 137647),
(3122, 'DEU', 'Potsdam', 'Brandenburg', 128983),
(3123, 'DEU', 'Würzburg', 'Baijeri', 127350),
(3124, 'DEU', 'Regensburg', 'Baijeri', 125236),
(3125, 'DEU', 'Recklinghausen', 'Nordrhein-Westfalen', 125022),
(3126, 'DEU', 'Göttingen', 'Niedersachsen', 124775),
(3127, 'DEU', 'Bremerhaven', 'Bremen', 122735),
(3128, 'DEU', 'Wolfsburg', 'Niedersachsen', 121954),
(3129, 'DEU', 'Bottrop', 'Nordrhein-Westfalen', 121097),
(3130, 'DEU', 'Remscheid', 'Nordrhein-Westfalen', 120125),
(3131, 'DEU', 'Heilbronn', 'Baden-Württemberg', 119526),
(3132, 'DEU', 'Pforzheim', 'Baden-Württemberg', 117227),
(3133, 'DEU', 'Offenbach am Main', 'Hessen', 116627),
(3134, 'DEU', 'Ulm', 'Baden-Württemberg', 116103),
(3135, 'DEU', 'Ingolstadt', 'Baijeri', 114826),
(3136, 'DEU', 'Gera', 'Thüringen', 114718),
(3137, 'DEU', 'Salzgitter', 'Niedersachsen', 112934),
(3138, 'DEU', 'Cottbus', 'Brandenburg', 110894),
(3139, 'DEU', 'Reutlingen', 'Baden-Württemberg', 110343),
(3140, 'DEU', 'Fürth', 'Baijeri', 109771),
(3141, 'DEU', 'Siegen', 'Nordrhein-Westfalen', 109225),
(3142, 'DEU', 'Koblenz', 'Rheinland-Pfalz', 108003),
(3143, 'DEU', 'Moers', 'Nordrhein-Westfalen', 106837),
(3144, 'DEU', 'Bergisch Gladbach', 'Nordrhein-Westfalen', 106150),
(3145, 'DEU', 'Zwickau', 'Saksi', 104146),
(3146, 'DEU', 'Hildesheim', 'Niedersachsen', 104013),
(3147, 'DEU', 'Witten', 'Nordrhein-Westfalen', 103384),
(3148, 'DEU', 'Schwerin', 'Mecklenburg-Vorpomme', 102878),
(3149, 'DEU', 'Erlangen', 'Baijeri', 100750),
(3150, 'DEU', 'Kaiserslautern', 'Rheinland-Pfalz', 100025),
(3151, 'DEU', 'Trier', 'Rheinland-Pfalz', 99891),
(3152, 'DEU', 'Jena', 'Thüringen', 99779),
(3153, 'DEU', 'Iserlohn', 'Nordrhein-Westfalen', 99474),
(3154, 'DEU', 'Gütersloh', 'Nordrhein-Westfalen', 95028),
(3155, 'DEU', 'Marl', 'Nordrhein-Westfalen', 93735),
(3156, 'DEU', 'Lünen', 'Nordrhein-Westfalen', 92044),
(3157, 'DEU', 'Düren', 'Nordrhein-Westfalen', 91092),
(3158, 'DEU', 'Ratingen', 'Nordrhein-Westfalen', 90951),
(3159, 'DEU', 'Velbert', 'Nordrhein-Westfalen', 89881),
(3160, 'DEU', 'Esslingen am Neckar', 'Baden-Württemberg', 89667),
(3161, 'SLB', 'Honiara', 'Honiara', 50100),
(3162, 'ZMB', 'Lusaka', 'Lusaka', 1317000),
(3163, 'ZMB', 'Ndola', 'Copperbelt', 329200),
(3164, 'ZMB', 'Kitwe', 'Copperbelt', 288600),
(3165, 'ZMB', 'Kabwe', 'Central', 154300),
(3166, 'ZMB', 'Chingola', 'Copperbelt', 142400),
(3167, 'ZMB', 'Mufulira', 'Copperbelt', 123900),
(3168, 'ZMB', 'Luanshya', 'Copperbelt', 118100),
(3169, 'WSM', 'Apia', 'Upolu', 35900),
(3170, 'SMR', 'Serravalle', 'Serravalle/Dogano', 4802),
(3171, 'SMR', 'San Marino', 'San Marino', 2294),
(3172, 'STP', 'São Tomé', 'Aqua Grande', 49541),
(3173, 'SAU', 'Riyadh', 'Riyadh', 3324000),
(3174, 'SAU', 'Jedda', 'Mekka', 2046300),
(3175, 'SAU', 'Mekka', 'Mekka', 965700),
(3176, 'SAU', 'Medina', 'Medina', 608300),
(3177, 'SAU', 'al-Dammam', 'al-Sharqiya', 482300),
(3178, 'SAU', 'al-Taif', 'Mekka', 416100),
(3179, 'SAU', 'Tabuk', 'Tabuk', 292600),
(3180, 'SAU', 'Burayda', 'al-Qasim', 248600),
(3181, 'SAU', 'al-Hufuf', 'al-Sharqiya', 225800),
(3182, 'SAU', 'al-Mubarraz', 'al-Sharqiya', 219100),
(3183, 'SAU', 'Khamis Mushayt', 'Asir', 217900),
(3184, 'SAU', 'Hail', 'Hail', 176800),
(3185, 'SAU', 'al-Kharj', 'Riad', 152100),
(3186, 'SAU', 'al-Khubar', 'al-Sharqiya', 141700),
(3187, 'SAU', 'Jubayl', 'al-Sharqiya', 140800),
(3188, 'SAU', 'Hafar al-Batin', 'al-Sharqiya', 137800),
(3189, 'SAU', 'al-Tuqba', 'al-Sharqiya', 125700),
(3190, 'SAU', 'Yanbu', 'Medina', 119800),
(3191, 'SAU', 'Abha', 'Asir', 112300),
(3192, 'SAU', 'Ara´ar', 'al-Khudud al-Samaliy', 108100),
(3193, 'SAU', 'al-Qatif', 'al-Sharqiya', 98900),
(3194, 'SAU', 'al-Hawiya', 'Mekka', 93900),
(3195, 'SAU', 'Unayza', 'Qasim', 91100),
(3196, 'SAU', 'Najran', 'Najran', 91000),
(3197, 'SEN', 'Pikine', 'Cap-Vert', 855287),
(3198, 'SEN', 'Dakar', 'Cap-Vert', 785071),
(3199, 'SEN', 'Thiès', 'Thiès', 248000),
(3200, 'SEN', 'Kaolack', 'Kaolack', 199000),
(3201, 'SEN', 'Ziguinchor', 'Ziguinchor', 192000),
(3202, 'SEN', 'Rufisque', 'Cap-Vert', 150000),
(3203, 'SEN', 'Saint-Louis', 'Saint-Louis', 132400),
(3204, 'SEN', 'Mbour', 'Thiès', 109300),
(3205, 'SEN', 'Diourbel', 'Diourbel', 99400),
(3206, 'SYC', 'Victoria', 'Mahé', 41000),
(3207, 'SLE', 'Freetown', 'Western', 850000),
(3208, 'SGP', 'Singapore', '–', 4017733),
(3209, 'SVK', 'Bratislava', 'Bratislava', 448292),
(3210, 'SVK', 'Košice', 'Východné Slovensko', 241874),
(3211, 'SVK', 'Prešov', 'Východné Slovensko', 93977),
(3212, 'SVN', 'Ljubljana', 'Osrednjeslovenska', 270986),
(3213, 'SVN', 'Maribor', 'Podravska', 115532),
(3214, 'SOM', 'Mogadishu', 'Banaadir', 997000),
(3215, 'SOM', 'Hargeysa', 'Woqooyi Galbeed', 90000),
(3216, 'SOM', 'Kismaayo', 'Jubbada Hoose', 90000),
(3217, 'LKA', 'Colombo', 'Western', 645000),
(3218, 'LKA', 'Dehiwala', 'Western', 203000),
(3219, 'LKA', 'Moratuwa', 'Western', 190000),
(3220, 'LKA', 'Jaffna', 'Northern', 149000),
(3221, 'LKA', 'Kandy', 'Central', 140000),
(3222, 'LKA', 'Sri Jayawardenepura Kotte', 'Western', 118000),
(3223, 'LKA', 'Negombo', 'Western', 100000),
(3224, 'SDN', 'Omdurman', 'Khartum', 1271403),
(3225, 'SDN', 'Khartum', 'Khartum', 947483),
(3226, 'SDN', 'Sharq al-Nil', 'Khartum', 700887),
(3227, 'SDN', 'Port Sudan', 'al-Bahr al-Ahmar', 308195),
(3228, 'SDN', 'Kassala', 'Kassala', 234622),
(3229, 'SDN', 'Obeid', 'Kurdufan al-Shamaliy', 229425),
(3230, 'SDN', 'Nyala', 'Darfur al-Janubiya', 227183);
INSERT INTO `cities` (`id`, `country_code`, `name`, `district`, `population`) VALUES
(3231, 'SDN', 'Wad Madani', 'al-Jazira', 211362),
(3232, 'SDN', 'al-Qadarif', 'al-Qadarif', 191164),
(3233, 'SDN', 'Kusti', 'al-Bahr al-Abyad', 173599),
(3234, 'SDN', 'al-Fashir', 'Darfur al-Shamaliya', 141884),
(3235, 'SDN', 'Juba', 'Bahr al-Jabal', 114980),
(3236, 'FIN', 'Helsinki [Helsingfors]', 'Newmaa', 555474),
(3237, 'FIN', 'Espoo', 'Newmaa', 213271),
(3238, 'FIN', 'Tampere', 'Pirkanmaa', 195468),
(3239, 'FIN', 'Vantaa', 'Newmaa', 178471),
(3240, 'FIN', 'Turku [Åbo]', 'Varsinais-Suomi', 172561),
(3241, 'FIN', 'Oulu', 'Pohjois-Pohjanmaa', 120753),
(3242, 'FIN', 'Lahti', 'Päijät-Häme', 96921),
(3243, 'SUR', 'Paramaribo', 'Paramaribo', 112000),
(3244, 'SWZ', 'Mbabane', 'Hhohho', 61000),
(3245, 'CHE', 'Zürich', 'Zürich', 336800),
(3246, 'CHE', 'Geneve', 'Geneve', 173500),
(3247, 'CHE', 'Basel', 'Basel-Stadt', 166700),
(3248, 'CHE', 'Bern', 'Bern', 122700),
(3249, 'CHE', 'Lausanne', 'Vaud', 114500),
(3250, 'SYR', 'Damascus', 'Damascus', 1347000),
(3251, 'SYR', 'Aleppo', 'Aleppo', 1261983),
(3252, 'SYR', 'Hims', 'Hims', 507404),
(3253, 'SYR', 'Hama', 'Hama', 343361),
(3254, 'SYR', 'Latakia', 'Latakia', 264563),
(3255, 'SYR', 'al-Qamishliya', 'al-Hasaka', 144286),
(3256, 'SYR', 'Dayr al-Zawr', 'Dayr al-Zawr', 140459),
(3257, 'SYR', 'Jaramana', 'Damaskos', 138469),
(3258, 'SYR', 'Duma', 'Damaskos', 131158),
(3259, 'SYR', 'al-Raqqa', 'al-Raqqa', 108020),
(3260, 'SYR', 'Idlib', 'Idlib', 91081),
(3261, 'TJK', 'Dushanbe', 'Karotegin', 524000),
(3262, 'TJK', 'Khujand', 'Khujand', 161500),
(3263, 'TWN', 'Taipei', 'Taipei', 2641312),
(3264, 'TWN', 'Kaohsiung', 'Kaohsiung', 1475505),
(3265, 'TWN', 'Taichung', 'Taichung', 940589),
(3266, 'TWN', 'Tainan', 'Tainan', 728060),
(3267, 'TWN', 'Panchiao', 'Taipei', 523850),
(3268, 'TWN', 'Chungho', 'Taipei', 392176),
(3269, 'TWN', 'Keelung (Chilung)', 'Keelung', 385201),
(3270, 'TWN', 'Sanchung', 'Taipei', 380084),
(3271, 'TWN', 'Hsinchuang', 'Taipei', 365048),
(3272, 'TWN', 'Hsinchu', 'Hsinchu', 361958),
(3273, 'TWN', 'Chungli', 'Taoyuan', 318649),
(3274, 'TWN', 'Fengshan', 'Kaohsiung', 318562),
(3275, 'TWN', 'Taoyuan', 'Taoyuan', 316438),
(3276, 'TWN', 'Chiayi', 'Chiayi', 265109),
(3277, 'TWN', 'Hsintien', 'Taipei', 263603),
(3278, 'TWN', 'Changhwa', 'Changhwa', 227715),
(3279, 'TWN', 'Yungho', 'Taipei', 227700),
(3280, 'TWN', 'Tucheng', 'Taipei', 224897),
(3281, 'TWN', 'Pingtung', 'Pingtung', 214727),
(3282, 'TWN', 'Yungkang', 'Tainan', 193005),
(3283, 'TWN', 'Pingchen', 'Taoyuan', 188344),
(3284, 'TWN', 'Tali', 'Taichung', 171940),
(3285, 'TWN', 'Taiping', '', 165524),
(3286, 'TWN', 'Pate', 'Taoyuan', 161700),
(3287, 'TWN', 'Fengyuan', 'Taichung', 161032),
(3288, 'TWN', 'Luchou', 'Taipei', 160516),
(3289, 'TWN', 'Hsichuh', 'Taipei', 154976),
(3290, 'TWN', 'Shulin', 'Taipei', 151260),
(3291, 'TWN', 'Yuanlin', 'Changhwa', 126402),
(3292, 'TWN', 'Yangmei', 'Taoyuan', 126323),
(3293, 'TWN', 'Taliao', '', 115897),
(3294, 'TWN', 'Kueishan', '', 112195),
(3295, 'TWN', 'Tanshui', 'Taipei', 111882),
(3296, 'TWN', 'Taitung', 'Taitung', 111039),
(3297, 'TWN', 'Hualien', 'Hualien', 108407),
(3298, 'TWN', 'Nantou', 'Nantou', 104723),
(3299, 'TWN', 'Lungtan', 'Taipei', 103088),
(3300, 'TWN', 'Touliu', 'Yünlin', 98900),
(3301, 'TWN', 'Tsaotun', 'Nantou', 96800),
(3302, 'TWN', 'Kangshan', 'Kaohsiung', 92200),
(3303, 'TWN', 'Ilan', 'Ilan', 92000),
(3304, 'TWN', 'Miaoli', 'Miaoli', 90000),
(3305, 'TZA', 'Dar es Salaam', 'Dar es Salaam', 1747000),
(3306, 'TZA', 'Dodoma', 'Dodoma', 189000),
(3307, 'TZA', 'Mwanza', 'Mwanza', 172300),
(3308, 'TZA', 'Zanzibar', 'Zanzibar West', 157634),
(3309, 'TZA', 'Tanga', 'Tanga', 137400),
(3310, 'TZA', 'Mbeya', 'Mbeya', 130800),
(3311, 'TZA', 'Morogoro', 'Morogoro', 117800),
(3312, 'TZA', 'Arusha', 'Arusha', 102500),
(3313, 'TZA', 'Moshi', 'Kilimanjaro', 96800),
(3314, 'TZA', 'Tabora', 'Tabora', 92800),
(3315, 'DNK', 'København', 'København', 495699),
(3316, 'DNK', 'Århus', 'Århus', 284846),
(3317, 'DNK', 'Odense', 'Fyn', 183912),
(3318, 'DNK', 'Aalborg', 'Nordjylland', 161161),
(3319, 'DNK', 'Frederiksberg', 'Frederiksberg', 90327),
(3320, 'THA', 'Bangkok', 'Bangkok', 6320174),
(3321, 'THA', 'Nonthaburi', 'Nonthaburi', 292100),
(3322, 'THA', 'Nakhon Ratchasima', 'Nakhon Ratchasima', 181400),
(3323, 'THA', 'Chiang Mai', 'Chiang Mai', 171100),
(3324, 'THA', 'Udon Thani', 'Udon Thani', 158100),
(3325, 'THA', 'Hat Yai', 'Songkhla', 148632),
(3326, 'THA', 'Khon Kaen', 'Khon Kaen', 126500),
(3327, 'THA', 'Pak Kret', 'Nonthaburi', 126055),
(3328, 'THA', 'Nakhon Sawan', 'Nakhon Sawan', 123800),
(3329, 'THA', 'Ubon Ratchathani', 'Ubon Ratchathani', 116300),
(3330, 'THA', 'Songkhla', 'Songkhla', 94900),
(3331, 'THA', 'Nakhon Pathom', 'Nakhon Pathom', 94100),
(3332, 'TGO', 'Lomé', 'Maritime', 375000),
(3333, 'TKL', 'Fakaofo', 'Fakaofo', 300),
(3334, 'TON', 'Nuku´alofa', 'Tongatapu', 22400),
(3335, 'TTO', 'Chaguanas', 'Caroni', 56601),
(3336, 'TTO', 'Port-of-Spain', 'Port-of-Spain', 43396),
(3337, 'TCD', 'N´Djaména', 'Chari-Baguirmi', 530965),
(3338, 'TCD', 'Moundou', 'Logone Occidental', 99500),
(3339, 'CZE', 'Praha', 'Hlavní mesto Praha', 1181126),
(3340, 'CZE', 'Brno', 'Jizní Morava', 381862),
(3341, 'CZE', 'Ostrava', 'Severní Morava', 320041),
(3342, 'CZE', 'Plzen', 'Zapadní Cechy', 166759),
(3343, 'CZE', 'Olomouc', 'Severní Morava', 102702),
(3344, 'CZE', 'Liberec', 'Severní Cechy', 99155),
(3345, 'CZE', 'Ceské Budejovice', 'Jizní Cechy', 98186),
(3346, 'CZE', 'Hradec Králové', 'Východní Cechy', 98080),
(3347, 'CZE', 'Ústí nad Labem', 'Severní Cechy', 95491),
(3348, 'CZE', 'Pardubice', 'Východní Cechy', 91309),
(3349, 'TUN', 'Tunis', 'Tunis', 690600),
(3350, 'TUN', 'Sfax', 'Sfax', 257800),
(3351, 'TUN', 'Ariana', 'Ariana', 197000),
(3352, 'TUN', 'Ettadhamen', 'Ariana', 178600),
(3353, 'TUN', 'Sousse', 'Sousse', 145900),
(3354, 'TUN', 'Kairouan', 'Kairouan', 113100),
(3355, 'TUN', 'Biserta', 'Biserta', 108900),
(3356, 'TUN', 'Gabès', 'Gabès', 106600),
(3357, 'TUR', 'Istanbul', 'Istanbul', 8787958),
(3358, 'TUR', 'Ankara', 'Ankara', 3038159),
(3359, 'TUR', 'Izmir', 'Izmir', 2130359),
(3360, 'TUR', 'Adana', 'Adana', 1131198),
(3361, 'TUR', 'Bursa', 'Bursa', 1095842),
(3362, 'TUR', 'Gaziantep', 'Gaziantep', 789056),
(3363, 'TUR', 'Konya', 'Konya', 628364),
(3364, 'TUR', 'Mersin (Içel)', 'Içel', 587212),
(3365, 'TUR', 'Antalya', 'Antalya', 564914),
(3366, 'TUR', 'Diyarbakir', 'Diyarbakir', 479884),
(3367, 'TUR', 'Kayseri', 'Kayseri', 475657),
(3368, 'TUR', 'Eskisehir', 'Eskisehir', 470781),
(3369, 'TUR', 'Sanliurfa', 'Sanliurfa', 405905),
(3370, 'TUR', 'Samsun', 'Samsun', 339871),
(3371, 'TUR', 'Malatya', 'Malatya', 330312),
(3372, 'TUR', 'Gebze', 'Kocaeli', 264170),
(3373, 'TUR', 'Denizli', 'Denizli', 253848),
(3374, 'TUR', 'Sivas', 'Sivas', 246642),
(3375, 'TUR', 'Erzurum', 'Erzurum', 246535),
(3376, 'TUR', 'Tarsus', 'Adana', 246206),
(3377, 'TUR', 'Kahramanmaras', 'Kahramanmaras', 245772),
(3378, 'TUR', 'Elâzig', 'Elâzig', 228815),
(3379, 'TUR', 'Van', 'Van', 219319),
(3380, 'TUR', 'Sultanbeyli', 'Istanbul', 211068),
(3381, 'TUR', 'Izmit (Kocaeli)', 'Kocaeli', 210068),
(3382, 'TUR', 'Manisa', 'Manisa', 207148),
(3383, 'TUR', 'Batman', 'Batman', 203793),
(3384, 'TUR', 'Balikesir', 'Balikesir', 196382),
(3385, 'TUR', 'Sakarya (Adapazari)', 'Sakarya', 190641),
(3386, 'TUR', 'Iskenderun', 'Hatay', 153022),
(3387, 'TUR', 'Osmaniye', 'Osmaniye', 146003),
(3388, 'TUR', 'Çorum', 'Çorum', 145495),
(3389, 'TUR', 'Kütahya', 'Kütahya', 144761),
(3390, 'TUR', 'Hatay (Antakya)', 'Hatay', 143982),
(3391, 'TUR', 'Kirikkale', 'Kirikkale', 142044),
(3392, 'TUR', 'Adiyaman', 'Adiyaman', 141529),
(3393, 'TUR', 'Trabzon', 'Trabzon', 138234),
(3394, 'TUR', 'Ordu', 'Ordu', 133642),
(3395, 'TUR', 'Aydin', 'Aydin', 128651),
(3396, 'TUR', 'Usak', 'Usak', 128162),
(3397, 'TUR', 'Edirne', 'Edirne', 123383),
(3398, 'TUR', 'Çorlu', 'Tekirdag', 123300),
(3399, 'TUR', 'Isparta', 'Isparta', 121911),
(3400, 'TUR', 'Karabük', 'Karabük', 118285),
(3401, 'TUR', 'Kilis', 'Kilis', 118245),
(3402, 'TUR', 'Alanya', 'Antalya', 117300),
(3403, 'TUR', 'Kiziltepe', 'Mardin', 112000),
(3404, 'TUR', 'Zonguldak', 'Zonguldak', 111542),
(3405, 'TUR', 'Siirt', 'Siirt', 107100),
(3406, 'TUR', 'Viransehir', 'Sanliurfa', 106400),
(3407, 'TUR', 'Tekirdag', 'Tekirdag', 106077),
(3408, 'TUR', 'Karaman', 'Karaman', 104200),
(3409, 'TUR', 'Afyon', 'Afyon', 103984),
(3410, 'TUR', 'Aksaray', 'Aksaray', 102681),
(3411, 'TUR', 'Ceyhan', 'Adana', 102412),
(3412, 'TUR', 'Erzincan', 'Erzincan', 102304),
(3413, 'TUR', 'Bismil', 'Diyarbakir', 101400),
(3414, 'TUR', 'Nazilli', 'Aydin', 99900),
(3415, 'TUR', 'Tokat', 'Tokat', 99500),
(3416, 'TUR', 'Kars', 'Kars', 93000),
(3417, 'TUR', 'Inegöl', 'Bursa', 90500),
(3418, 'TUR', 'Bandirma', 'Balikesir', 90200),
(3419, 'TKM', 'Ashgabat', 'Ahal', 540600),
(3420, 'TKM', 'Chärjew', 'Lebap', 189200),
(3421, 'TKM', 'Dashhowuz', 'Dashhowuz', 141800),
(3422, 'TKM', 'Mary', 'Mary', 101000),
(3423, 'TCA', 'Cockburn Town', 'Grand Turk', 4800),
(3424, 'TUV', 'Funafuti', 'Funafuti', 4600),
(3425, 'UGA', 'Kampala', 'Central', 890800),
(3426, 'UKR', 'Kyiv', 'Kiova', 2624000),
(3427, 'UKR', 'Harkova [Harkiv]', 'Harkova', 1500000),
(3428, 'UKR', 'Dnipropetrovsk', 'Dnipropetrovsk', 1103000),
(3429, 'UKR', 'Donetsk', 'Donetsk', 1050000),
(3430, 'UKR', 'Odesa', 'Odesa', 1011000),
(3431, 'UKR', 'Zaporizzja', 'Zaporizzja', 848000),
(3432, 'UKR', 'Lviv', 'Lviv', 788000),
(3433, 'UKR', 'Kryvyi Rig', 'Dnipropetrovsk', 703000),
(3434, 'UKR', 'Mykolajiv', 'Mykolajiv', 508000),
(3435, 'UKR', 'Mariupol', 'Donetsk', 490000),
(3436, 'UKR', 'Lugansk', 'Lugansk', 469000),
(3437, 'UKR', 'Vinnytsja', 'Vinnytsja', 391000),
(3438, 'UKR', 'Makijivka', 'Donetsk', 384000),
(3439, 'UKR', 'Herson', 'Herson', 353000),
(3440, 'UKR', 'Sevastopol', 'Krim', 348000),
(3441, 'UKR', 'Simferopol', 'Krim', 339000),
(3442, 'UKR', 'Pultava [Poltava]', 'Pultava', 313000),
(3443, 'UKR', 'Tšernigiv', 'Tšernigiv', 313000),
(3444, 'UKR', 'Tšerkasy', 'Tšerkasy', 309000),
(3445, 'UKR', 'Gorlivka', 'Donetsk', 299000),
(3446, 'UKR', 'Zytomyr', 'Zytomyr', 297000),
(3447, 'UKR', 'Sumy', 'Sumy', 294000),
(3448, 'UKR', 'Dniprodzerzynsk', 'Dnipropetrovsk', 270000),
(3449, 'UKR', 'Kirovograd', 'Kirovograd', 265000),
(3450, 'UKR', 'Hmelnytskyi', 'Hmelnytskyi', 262000),
(3451, 'UKR', 'Tšernivtsi', 'Tšernivtsi', 259000),
(3452, 'UKR', 'Rivne', 'Rivne', 245000),
(3453, 'UKR', 'Krementšuk', 'Pultava', 239000),
(3454, 'UKR', 'Ivano-Frankivsk', 'Ivano-Frankivsk', 237000),
(3455, 'UKR', 'Ternopil', 'Ternopil', 236000),
(3456, 'UKR', 'Lutsk', 'Volynia', 217000),
(3457, 'UKR', 'Bila Tserkva', 'Kiova', 215000),
(3458, 'UKR', 'Kramatorsk', 'Donetsk', 186000),
(3459, 'UKR', 'Melitopol', 'Zaporizzja', 169000),
(3460, 'UKR', 'Kertš', 'Krim', 162000),
(3461, 'UKR', 'Nikopol', 'Dnipropetrovsk', 149000),
(3462, 'UKR', 'Berdjansk', 'Zaporizzja', 130000),
(3463, 'UKR', 'Pavlograd', 'Dnipropetrovsk', 127000),
(3464, 'UKR', 'Sjeverodonetsk', 'Lugansk', 127000),
(3465, 'UKR', 'Slovjansk', 'Donetsk', 127000),
(3466, 'UKR', 'Uzgorod', 'Taka-Karpatia', 127000),
(3467, 'UKR', 'Altševsk', 'Lugansk', 119000),
(3468, 'UKR', 'Lysytšansk', 'Lugansk', 116000),
(3469, 'UKR', 'Jevpatorija', 'Krim', 112000),
(3470, 'UKR', 'Kamjanets-Podilskyi', 'Hmelnytskyi', 109000),
(3471, 'UKR', 'Jenakijeve', 'Donetsk', 105000),
(3472, 'UKR', 'Krasnyi Lutš', 'Lugansk', 101000),
(3473, 'UKR', 'Stahanov', 'Lugansk', 101000),
(3474, 'UKR', 'Oleksandrija', 'Kirovograd', 99000),
(3475, 'UKR', 'Konotop', 'Sumy', 96000),
(3476, 'UKR', 'Kostjantynivka', 'Donetsk', 95000),
(3477, 'UKR', 'Berdytšiv', 'Zytomyr', 90000),
(3478, 'UKR', 'Izmajil', 'Odesa', 90000),
(3479, 'UKR', 'Šostka', 'Sumy', 90000),
(3480, 'UKR', 'Uman', 'Tšerkasy', 90000),
(3481, 'UKR', 'Brovary', 'Kiova', 89000),
(3482, 'UKR', 'Mukatševe', 'Taka-Karpatia', 89000),
(3483, 'HUN', 'Budapest', 'Budapest', 1811552),
(3484, 'HUN', 'Debrecen', 'Hajdú-Bihar', 203648),
(3485, 'HUN', 'Miskolc', 'Borsod-Abaúj-Zemplén', 172357),
(3486, 'HUN', 'Szeged', 'Csongrád', 158158),
(3487, 'HUN', 'Pécs', 'Baranya', 157332),
(3488, 'HUN', 'Györ', 'Györ-Moson-Sopron', 127119),
(3489, 'HUN', 'Nyiregyháza', 'Szabolcs-Szatmár-Ber', 112419),
(3490, 'HUN', 'Kecskemét', 'Bács-Kiskun', 105606),
(3491, 'HUN', 'Székesfehérvár', 'Fejér', 105119),
(3492, 'URY', 'Montevideo', 'Montevideo', 1236000),
(3493, 'NCL', 'Nouméa', '–', 76293),
(3494, 'NZL', 'Auckland', 'Auckland', 381800),
(3495, 'NZL', 'Christchurch', 'Canterbury', 324200),
(3496, 'NZL', 'Manukau', 'Auckland', 281800),
(3497, 'NZL', 'North Shore', 'Auckland', 187700),
(3498, 'NZL', 'Waitakere', 'Auckland', 170600),
(3499, 'NZL', 'Wellington', 'Wellington', 166700),
(3500, 'NZL', 'Dunedin', 'Dunedin', 119600),
(3501, 'NZL', 'Hamilton', 'Hamilton', 117100),
(3502, 'NZL', 'Lower Hutt', 'Wellington', 98100),
(3503, 'UZB', 'Toskent', 'Toskent Shahri', 2117500),
(3504, 'UZB', 'Namangan', 'Namangan', 370500),
(3505, 'UZB', 'Samarkand', 'Samarkand', 361800),
(3506, 'UZB', 'Andijon', 'Andijon', 318600),
(3507, 'UZB', 'Buhoro', 'Buhoro', 237100),
(3508, 'UZB', 'Karsi', 'Qashqadaryo', 194100),
(3509, 'UZB', 'Nukus', 'Karakalpakistan', 194100),
(3510, 'UZB', 'Kükon', 'Fargona', 190100),
(3511, 'UZB', 'Fargona', 'Fargona', 180500),
(3512, 'UZB', 'Circik', 'Toskent', 146400),
(3513, 'UZB', 'Margilon', 'Fargona', 140800),
(3514, 'UZB', 'Ürgenc', 'Khorazm', 138900),
(3515, 'UZB', 'Angren', 'Toskent', 128000),
(3516, 'UZB', 'Cizah', 'Cizah', 124800),
(3517, 'UZB', 'Navoi', 'Navoi', 116300),
(3518, 'UZB', 'Olmalik', 'Toskent', 114900),
(3519, 'UZB', 'Termiz', 'Surkhondaryo', 109500),
(3520, 'BLR', 'Minsk', 'Horad Minsk', 1674000),
(3521, 'BLR', 'Gomel', 'Gomel', 475000),
(3522, 'BLR', 'Mogiljov', 'Mogiljov', 356000),
(3523, 'BLR', 'Vitebsk', 'Vitebsk', 340000),
(3524, 'BLR', 'Grodno', 'Grodno', 302000),
(3525, 'BLR', 'Brest', 'Brest', 286000),
(3526, 'BLR', 'Bobruisk', 'Mogiljov', 221000),
(3527, 'BLR', 'Baranovitši', 'Brest', 167000),
(3528, 'BLR', 'Borisov', 'Minsk', 151000),
(3529, 'BLR', 'Pinsk', 'Brest', 130000),
(3530, 'BLR', 'Orša', 'Vitebsk', 124000),
(3531, 'BLR', 'Mozyr', 'Gomel', 110000),
(3532, 'BLR', 'Novopolotsk', 'Vitebsk', 106000),
(3533, 'BLR', 'Lida', 'Grodno', 101000),
(3534, 'BLR', 'Soligorsk', 'Minsk', 101000),
(3535, 'BLR', 'Molodetšno', 'Minsk', 97000),
(3536, 'WLF', 'Mata-Utu', 'Wallis', 1137),
(3537, 'VUT', 'Port-Vila', 'Shefa', 33700),
(3538, 'VAT', 'Città del Vaticano', '–', 455),
(3539, 'VEN', 'Caracas', 'Distrito Federal', 1975294),
(3540, 'VEN', 'Maracaíbo', 'Zulia', 1304776),
(3541, 'VEN', 'Barquisimeto', 'Lara', 877239),
(3542, 'VEN', 'Valencia', 'Carabobo', 794246),
(3543, 'VEN', 'Ciudad Guayana', 'Bolívar', 663713),
(3544, 'VEN', 'Petare', 'Miranda', 488868),
(3545, 'VEN', 'Maracay', 'Aragua', 444443),
(3546, 'VEN', 'Barcelona', 'Anzoátegui', 322267),
(3547, 'VEN', 'Maturín', 'Monagas', 319726),
(3548, 'VEN', 'San Cristóbal', 'Táchira', 319373),
(3549, 'VEN', 'Ciudad Bolívar', 'Bolívar', 301107),
(3550, 'VEN', 'Cumaná', 'Sucre', 293105),
(3551, 'VEN', 'Mérida', 'Mérida', 224887),
(3552, 'VEN', 'Cabimas', 'Zulia', 221329),
(3553, 'VEN', 'Barinas', 'Barinas', 217831),
(3554, 'VEN', 'Turmero', 'Aragua', 217499),
(3555, 'VEN', 'Baruta', 'Miranda', 207290),
(3556, 'VEN', 'Puerto Cabello', 'Carabobo', 187722),
(3557, 'VEN', 'Santa Ana de Coro', 'Falcón', 185766),
(3558, 'VEN', 'Los Teques', 'Miranda', 178784),
(3559, 'VEN', 'Punto Fijo', 'Falcón', 167215),
(3560, 'VEN', 'Guarenas', 'Miranda', 165889),
(3561, 'VEN', 'Acarigua', 'Portuguesa', 158954),
(3562, 'VEN', 'Puerto La Cruz', 'Anzoátegui', 155700),
(3563, 'VEN', 'Ciudad Losada', '', 134501),
(3564, 'VEN', 'Guacara', 'Carabobo', 131334),
(3565, 'VEN', 'Valera', 'Trujillo', 130281),
(3566, 'VEN', 'Guanare', 'Portuguesa', 125621),
(3567, 'VEN', 'Carúpano', 'Sucre', 119639),
(3568, 'VEN', 'Catia La Mar', 'Distrito Federal', 117012),
(3569, 'VEN', 'El Tigre', 'Anzoátegui', 116256),
(3570, 'VEN', 'Guatire', 'Miranda', 109121),
(3571, 'VEN', 'Calabozo', 'Guárico', 107146),
(3572, 'VEN', 'Pozuelos', 'Anzoátegui', 105690),
(3573, 'VEN', 'Ciudad Ojeda', 'Zulia', 99354),
(3574, 'VEN', 'Ocumare del Tuy', 'Miranda', 97168),
(3575, 'VEN', 'Valle de la Pascua', 'Guárico', 95927),
(3576, 'VEN', 'Araure', 'Portuguesa', 94269),
(3577, 'VEN', 'San Fernando de Apure', 'Apure', 93809),
(3578, 'VEN', 'San Felipe', 'Yaracuy', 90940),
(3579, 'VEN', 'El Limón', 'Aragua', 90000),
(3580, 'RUS', 'Moscow', 'Moscow (City)', 8389200),
(3581, 'RUS', 'St Petersburg', 'Pietari', 4694000),
(3582, 'RUS', 'Novosibirsk', 'Novosibirsk', 1398800),
(3583, 'RUS', 'Nizni Novgorod', 'Nizni Novgorod', 1357000),
(3584, 'RUS', 'Jekaterinburg', 'Sverdlovsk', 1266300),
(3585, 'RUS', 'Samara', 'Samara', 1156100),
(3586, 'RUS', 'Omsk', 'Omsk', 1148900),
(3587, 'RUS', 'Kazan', 'Tatarstan', 1101000),
(3588, 'RUS', 'Ufa', 'Baškortostan', 1091200),
(3589, 'RUS', 'Tšeljabinsk', 'Tšeljabinsk', 1083200),
(3590, 'RUS', 'Rostov-na-Donu', 'Rostov-na-Donu', 1012700),
(3591, 'RUS', 'Perm', 'Perm', 1009700),
(3592, 'RUS', 'Volgograd', 'Volgograd', 993400),
(3593, 'RUS', 'Voronez', 'Voronez', 907700),
(3594, 'RUS', 'Krasnojarsk', 'Krasnojarsk', 875500),
(3595, 'RUS', 'Saratov', 'Saratov', 874000),
(3596, 'RUS', 'Toljatti', 'Samara', 722900),
(3597, 'RUS', 'Uljanovsk', 'Uljanovsk', 667400),
(3598, 'RUS', 'Izevsk', 'Udmurtia', 652800),
(3599, 'RUS', 'Krasnodar', 'Krasnodar', 639000),
(3600, 'RUS', 'Jaroslavl', 'Jaroslavl', 616700),
(3601, 'RUS', 'Habarovsk', 'Habarovsk', 609400),
(3602, 'RUS', 'Vladivostok', 'Primorje', 606200),
(3603, 'RUS', 'Irkutsk', 'Irkutsk', 593700),
(3604, 'RUS', 'Barnaul', 'Altai', 580100),
(3605, 'RUS', 'Novokuznetsk', 'Kemerovo', 561600),
(3606, 'RUS', 'Penza', 'Penza', 532200),
(3607, 'RUS', 'Rjazan', 'Rjazan', 529900),
(3608, 'RUS', 'Orenburg', 'Orenburg', 523600),
(3609, 'RUS', 'Lipetsk', 'Lipetsk', 521000),
(3610, 'RUS', 'Nabereznyje Tšelny', 'Tatarstan', 514700),
(3611, 'RUS', 'Tula', 'Tula', 506100),
(3612, 'RUS', 'Tjumen', 'Tjumen', 503400),
(3613, 'RUS', 'Kemerovo', 'Kemerovo', 492700),
(3614, 'RUS', 'Astrahan', 'Astrahan', 486100),
(3615, 'RUS', 'Tomsk', 'Tomsk', 482100),
(3616, 'RUS', 'Kirov', 'Kirov', 466200),
(3617, 'RUS', 'Ivanovo', 'Ivanovo', 459200),
(3618, 'RUS', 'Tšeboksary', 'Tšuvassia', 459200),
(3619, 'RUS', 'Brjansk', 'Brjansk', 457400),
(3620, 'RUS', 'Tver', 'Tver', 454900),
(3621, 'RUS', 'Kursk', 'Kursk', 443500),
(3622, 'RUS', 'Magnitogorsk', 'Tšeljabinsk', 427900),
(3623, 'RUS', 'Kaliningrad', 'Kaliningrad', 424400),
(3624, 'RUS', 'Nizni Tagil', 'Sverdlovsk', 390900),
(3625, 'RUS', 'Murmansk', 'Murmansk', 376300),
(3626, 'RUS', 'Ulan-Ude', 'Burjatia', 370400),
(3627, 'RUS', 'Kurgan', 'Kurgan', 364700),
(3628, 'RUS', 'Arkangeli', 'Arkangeli', 361800),
(3629, 'RUS', 'Sotši', 'Krasnodar', 358600),
(3630, 'RUS', 'Smolensk', 'Smolensk', 353400),
(3631, 'RUS', 'Orjol', 'Orjol', 344500),
(3632, 'RUS', 'Stavropol', 'Stavropol', 343300),
(3633, 'RUS', 'Belgorod', 'Belgorod', 342000),
(3634, 'RUS', 'Kaluga', 'Kaluga', 339300),
(3635, 'RUS', 'Vladimir', 'Vladimir', 337100),
(3636, 'RUS', 'Mahatškala', 'Dagestan', 332800),
(3637, 'RUS', 'Tšerepovets', 'Vologda', 324400),
(3638, 'RUS', 'Saransk', 'Mordva', 314800),
(3639, 'RUS', 'Tambov', 'Tambov', 312000),
(3640, 'RUS', 'Vladikavkaz', 'North Ossetia-Alania', 310100),
(3641, 'RUS', 'Tšita', 'Tšita', 309900),
(3642, 'RUS', 'Vologda', 'Vologda', 302500),
(3643, 'RUS', 'Veliki Novgorod', 'Novgorod', 299500),
(3644, 'RUS', 'Komsomolsk-na-Amure', 'Habarovsk', 291600),
(3645, 'RUS', 'Kostroma', 'Kostroma', 288100),
(3646, 'RUS', 'Volzski', 'Volgograd', 286900),
(3647, 'RUS', 'Taganrog', 'Rostov-na-Donu', 284400),
(3648, 'RUS', 'Petroskoi', 'Karjala', 282100),
(3649, 'RUS', 'Bratsk', 'Irkutsk', 277600),
(3650, 'RUS', 'Dzerzinsk', 'Nizni Novgorod', 277100),
(3651, 'RUS', 'Surgut', 'Hanti-Mansia', 274900),
(3652, 'RUS', 'Orsk', 'Orenburg', 273900),
(3653, 'RUS', 'Sterlitamak', 'Baškortostan', 265200),
(3654, 'RUS', 'Angarsk', 'Irkutsk', 264700),
(3655, 'RUS', 'Joškar-Ola', 'Marinmaa', 249200),
(3656, 'RUS', 'Rybinsk', 'Jaroslavl', 239600),
(3657, 'RUS', 'Prokopjevsk', 'Kemerovo', 237300),
(3658, 'RUS', 'Niznevartovsk', 'Hanti-Mansia', 233900),
(3659, 'RUS', 'Naltšik', 'Kabardi-Balkaria', 233400),
(3660, 'RUS', 'Syktyvkar', 'Komi', 229700),
(3661, 'RUS', 'Severodvinsk', 'Arkangeli', 229300),
(3662, 'RUS', 'Bijsk', 'Altai', 225000),
(3663, 'RUS', 'Niznekamsk', 'Tatarstan', 223400),
(3664, 'RUS', 'Blagoveštšensk', 'Amur', 222000),
(3665, 'RUS', 'Šahty', 'Rostov-na-Donu', 221800),
(3666, 'RUS', 'Staryi Oskol', 'Belgorod', 213800),
(3667, 'RUS', 'Zelenograd', 'Moscow (City)', 207100),
(3668, 'RUS', 'Balakovo', 'Saratov', 206000),
(3669, 'RUS', 'Novorossijsk', 'Krasnodar', 203300),
(3670, 'RUS', 'Pihkova', 'Pihkova', 201500),
(3671, 'RUS', 'Zlatoust', 'Tšeljabinsk', 196900),
(3672, 'RUS', 'Jakutsk', 'Saha (Jakutia)', 195400),
(3673, 'RUS', 'Podolsk', 'Moskova', 194300),
(3674, 'RUS', 'Petropavlovsk-Kamtšatski', 'Kamtšatka', 194100),
(3675, 'RUS', 'Kamensk-Uralski', 'Sverdlovsk', 190600),
(3676, 'RUS', 'Engels', 'Saratov', 189000),
(3677, 'RUS', 'Syzran', 'Samara', 186900),
(3678, 'RUS', 'Grozny', 'Tšetšenia', 186000),
(3679, 'RUS', 'Novotšerkassk', 'Rostov-na-Donu', 184400),
(3680, 'RUS', 'Berezniki', 'Perm', 181900),
(3681, 'RUS', 'Juzno-Sahalinsk', 'Sahalin', 179200),
(3682, 'RUS', 'Volgodonsk', 'Rostov-na-Donu', 178200),
(3683, 'RUS', 'Abakan', 'Hakassia', 169200),
(3684, 'RUS', 'Maikop', 'Adygea', 167300),
(3685, 'RUS', 'Miass', 'Tšeljabinsk', 166200),
(3686, 'RUS', 'Armavir', 'Krasnodar', 164900),
(3687, 'RUS', 'Ljubertsy', 'Moskova', 163900),
(3688, 'RUS', 'Rubtsovsk', 'Altai', 162600),
(3689, 'RUS', 'Kovrov', 'Vladimir', 159900),
(3690, 'RUS', 'Nahodka', 'Primorje', 157700),
(3691, 'RUS', 'Ussurijsk', 'Primorje', 157300),
(3692, 'RUS', 'Salavat', 'Baškortostan', 156800),
(3693, 'RUS', 'Mytištši', 'Moskova', 155700),
(3694, 'RUS', 'Kolomna', 'Moskova', 150700),
(3695, 'RUS', 'Elektrostal', 'Moskova', 147000),
(3696, 'RUS', 'Murom', 'Vladimir', 142400),
(3697, 'RUS', 'Kolpino', 'Pietari', 141200),
(3698, 'RUS', 'Norilsk', 'Krasnojarsk', 140800),
(3699, 'RUS', 'Almetjevsk', 'Tatarstan', 140700),
(3700, 'RUS', 'Novomoskovsk', 'Tula', 138100),
(3701, 'RUS', 'Dimitrovgrad', 'Uljanovsk', 137000),
(3702, 'RUS', 'Pervouralsk', 'Sverdlovsk', 136100),
(3703, 'RUS', 'Himki', 'Moskova', 133700),
(3704, 'RUS', 'Balašiha', 'Moskova', 132900),
(3705, 'RUS', 'Nevinnomyssk', 'Stavropol', 132600),
(3706, 'RUS', 'Pjatigorsk', 'Stavropol', 132500),
(3707, 'RUS', 'Korolev', 'Moskova', 132400),
(3708, 'RUS', 'Serpuhov', 'Moskova', 132000),
(3709, 'RUS', 'Odintsovo', 'Moskova', 127400),
(3710, 'RUS', 'Orehovo-Zujevo', 'Moskova', 124900),
(3711, 'RUS', 'Kamyšin', 'Volgograd', 124600),
(3712, 'RUS', 'Novotšeboksarsk', 'Tšuvassia', 123400),
(3713, 'RUS', 'Tšerkessk', 'Karatšai-Tšerkessia', 121700),
(3714, 'RUS', 'Atšinsk', 'Krasnojarsk', 121600),
(3715, 'RUS', 'Magadan', 'Magadan', 121000),
(3716, 'RUS', 'Mitšurinsk', 'Tambov', 120700),
(3717, 'RUS', 'Kislovodsk', 'Stavropol', 120400),
(3718, 'RUS', 'Jelets', 'Lipetsk', 119400),
(3719, 'RUS', 'Seversk', 'Tomsk', 118600),
(3720, 'RUS', 'Noginsk', 'Moskova', 117200),
(3721, 'RUS', 'Velikije Luki', 'Pihkova', 116300),
(3722, 'RUS', 'Novokuibyševsk', 'Samara', 116200),
(3723, 'RUS', 'Neftekamsk', 'Baškortostan', 115700),
(3724, 'RUS', 'Leninsk-Kuznetski', 'Kemerovo', 113800),
(3725, 'RUS', 'Oktjabrski', 'Baškortostan', 111500),
(3726, 'RUS', 'Sergijev Posad', 'Moskova', 111100),
(3727, 'RUS', 'Arzamas', 'Nizni Novgorod', 110700),
(3728, 'RUS', 'Kiseljovsk', 'Kemerovo', 110000),
(3729, 'RUS', 'Novotroitsk', 'Orenburg', 109600),
(3730, 'RUS', 'Obninsk', 'Kaluga', 108300),
(3731, 'RUS', 'Kansk', 'Krasnojarsk', 107400),
(3732, 'RUS', 'Glazov', 'Udmurtia', 106300),
(3733, 'RUS', 'Solikamsk', 'Perm', 106000),
(3734, 'RUS', 'Sarapul', 'Udmurtia', 105700),
(3735, 'RUS', 'Ust-Ilimsk', 'Irkutsk', 105200),
(3736, 'RUS', 'Štšolkovo', 'Moskova', 104900),
(3737, 'RUS', 'Mezduretšensk', 'Kemerovo', 104400),
(3738, 'RUS', 'Usolje-Sibirskoje', 'Irkutsk', 103500),
(3739, 'RUS', 'Elista', 'Kalmykia', 103300),
(3740, 'RUS', 'Novošahtinsk', 'Rostov-na-Donu', 101900),
(3741, 'RUS', 'Votkinsk', 'Udmurtia', 101700),
(3742, 'RUS', 'Kyzyl', 'Tyva', 101100),
(3743, 'RUS', 'Serov', 'Sverdlovsk', 100400),
(3744, 'RUS', 'Zelenodolsk', 'Tatarstan', 100200),
(3745, 'RUS', 'Zeleznodoroznyi', 'Moskova', 100100),
(3746, 'RUS', 'Kinešma', 'Ivanovo', 100000),
(3747, 'RUS', 'Kuznetsk', 'Penza', 98200),
(3748, 'RUS', 'Uhta', 'Komi', 98000),
(3749, 'RUS', 'Jessentuki', 'Stavropol', 97900),
(3750, 'RUS', 'Tobolsk', 'Tjumen', 97600),
(3751, 'RUS', 'Neftejugansk', 'Hanti-Mansia', 97400),
(3752, 'RUS', 'Bataisk', 'Rostov-na-Donu', 97300),
(3753, 'RUS', 'Nojabrsk', 'Yamalin Nenetsia', 97300),
(3754, 'RUS', 'Balašov', 'Saratov', 97100),
(3755, 'RUS', 'Zeleznogorsk', 'Kursk', 96900),
(3756, 'RUS', 'Zukovski', 'Moskova', 96500),
(3757, 'RUS', 'Anzero-Sudzensk', 'Kemerovo', 96100),
(3758, 'RUS', 'Bugulma', 'Tatarstan', 94100),
(3759, 'RUS', 'Zeleznogorsk', 'Krasnojarsk', 94000),
(3760, 'RUS', 'Novouralsk', 'Sverdlovsk', 93300),
(3761, 'RUS', 'Puškin', 'Pietari', 92900),
(3762, 'RUS', 'Vorkuta', 'Komi', 92600),
(3763, 'RUS', 'Derbent', 'Dagestan', 92300),
(3764, 'RUS', 'Kirovo-Tšepetsk', 'Kirov', 91600),
(3765, 'RUS', 'Krasnogorsk', 'Moskova', 91000),
(3766, 'RUS', 'Klin', 'Moskova', 90000),
(3767, 'RUS', 'Tšaikovski', 'Perm', 90000),
(3768, 'RUS', 'Novyi Urengoi', 'Yamalin Nenetsia', 89800),
(3769, 'VNM', 'Ho Chi Minh City', 'Ho Chi Minh City', 3980000),
(3770, 'VNM', 'Hanoi', 'Hanoi', 1410000),
(3771, 'VNM', 'Haiphong', 'Haiphong', 783133),
(3772, 'VNM', 'Da Nang', 'Quang Nam-Da Nang', 382674),
(3773, 'VNM', 'Biên Hoa', 'Dong Nai', 282095),
(3774, 'VNM', 'Nha Trang', 'Khanh Hoa', 221331),
(3775, 'VNM', 'Hue', 'Thua Thien-Hue', 219149),
(3776, 'VNM', 'Can Tho', 'Can Tho', 215587),
(3777, 'VNM', 'Cam Pha', 'Quang Binh', 209086),
(3778, 'VNM', 'Nam Dinh', 'Nam Ha', 171699),
(3779, 'VNM', 'Quy Nhon', 'Binh Dinh', 163385),
(3780, 'VNM', 'Vung Tau', 'Ba Ria-Vung Tau', 145145),
(3781, 'VNM', 'Rach Gia', 'Kien Giang', 141132),
(3782, 'VNM', 'Long Xuyen', 'An Giang', 132681),
(3783, 'VNM', 'Thai Nguyen', 'Bac Thai', 127643),
(3784, 'VNM', 'Hong Gai', 'Quang Ninh', 127484),
(3785, 'VNM', 'Phan Thiêt', 'Binh Thuan', 114236),
(3786, 'VNM', 'Cam Ranh', 'Khanh Hoa', 114041),
(3787, 'VNM', 'Vinh', 'Nghe An', 112455),
(3788, 'VNM', 'My Tho', 'Tien Giang', 108404),
(3789, 'VNM', 'Da Lat', 'Lam Dong', 106409),
(3790, 'VNM', 'Buon Ma Thuot', 'Dac Lac', 97044),
(3791, 'EST', 'Tallinn', 'Harjumaa', 403981),
(3792, 'EST', 'Tartu', 'Tartumaa', 101246),
(3793, 'USA', 'New York', 'New York', 8008278),
(3794, 'USA', 'Los Angeles', 'California', 3694820),
(3795, 'USA', 'Chicago', 'Illinois', 2896016),
(3796, 'USA', 'Houston', 'Texas', 1953631),
(3797, 'USA', 'Philadelphia', 'Pennsylvania', 1517550),
(3798, 'USA', 'Phoenix', 'Arizona', 1321045),
(3799, 'USA', 'San Diego', 'California', 1223400),
(3800, 'USA', 'Dallas', 'Texas', 1188580),
(3801, 'USA', 'San Antonio', 'Texas', 1144646),
(3802, 'USA', 'Detroit', 'Michigan', 951270),
(3803, 'USA', 'San Jose', 'California', 894943),
(3804, 'USA', 'Indianapolis', 'Indiana', 791926),
(3805, 'USA', 'San Francisco', 'California', 776733),
(3806, 'USA', 'Jacksonville', 'Florida', 735167),
(3807, 'USA', 'Columbus', 'Ohio', 711470),
(3808, 'USA', 'Austin', 'Texas', 656562),
(3809, 'USA', 'Baltimore', 'Maryland', 651154),
(3810, 'USA', 'Memphis', 'Tennessee', 650100),
(3811, 'USA', 'Milwaukee', 'Wisconsin', 596974),
(3812, 'USA', 'Boston', 'Massachusetts', 589141),
(3813, 'USA', 'Washington', 'District of Columbia', 572059),
(3814, 'USA', 'Nashville-Davidson', 'Tennessee', 569891),
(3815, 'USA', 'El Paso', 'Texas', 563662),
(3816, 'USA', 'Seattle', 'Washington', 563374),
(3817, 'USA', 'Denver', 'Colorado', 554636),
(3818, 'USA', 'Charlotte', 'North Carolina', 540828),
(3819, 'USA', 'Fort Worth', 'Texas', 534694),
(3820, 'USA', 'Portland', 'Oregon', 529121),
(3821, 'USA', 'Oklahoma City', 'Oklahoma', 506132),
(3822, 'USA', 'Tucson', 'Arizona', 486699),
(3823, 'USA', 'New Orleans', 'Louisiana', 484674),
(3824, 'USA', 'Las Vegas', 'Nevada', 478434),
(3825, 'USA', 'Cleveland', 'Ohio', 478403),
(3826, 'USA', 'Long Beach', 'California', 461522),
(3827, 'USA', 'Albuquerque', 'New Mexico', 448607),
(3828, 'USA', 'Kansas City', 'Missouri', 441545),
(3829, 'USA', 'Fresno', 'California', 427652),
(3830, 'USA', 'Virginia Beach', 'Virginia', 425257),
(3831, 'USA', 'Atlanta', 'Georgia', 416474),
(3832, 'USA', 'Sacramento', 'California', 407018),
(3833, 'USA', 'Oakland', 'California', 399484),
(3834, 'USA', 'Mesa', 'Arizona', 396375),
(3835, 'USA', 'Tulsa', 'Oklahoma', 393049),
(3836, 'USA', 'Omaha', 'Nebraska', 390007),
(3837, 'USA', 'Minneapolis', 'Minnesota', 382618),
(3838, 'USA', 'Honolulu', 'Hawaii', 371657),
(3839, 'USA', 'Miami', 'Florida', 362470),
(3840, 'USA', 'Colorado Springs', 'Colorado', 360890),
(3841, 'USA', 'Saint Louis', 'Missouri', 348189),
(3842, 'USA', 'Wichita', 'Kansas', 344284),
(3843, 'USA', 'Santa Ana', 'California', 337977),
(3844, 'USA', 'Pittsburgh', 'Pennsylvania', 334563),
(3845, 'USA', 'Arlington', 'Texas', 332969),
(3846, 'USA', 'Cincinnati', 'Ohio', 331285),
(3847, 'USA', 'Anaheim', 'California', 328014),
(3848, 'USA', 'Toledo', 'Ohio', 313619),
(3849, 'USA', 'Tampa', 'Florida', 303447),
(3850, 'USA', 'Buffalo', 'New York', 292648),
(3851, 'USA', 'Saint Paul', 'Minnesota', 287151),
(3852, 'USA', 'Corpus Christi', 'Texas', 277454),
(3853, 'USA', 'Aurora', 'Colorado', 276393),
(3854, 'USA', 'Raleigh', 'North Carolina', 276093),
(3855, 'USA', 'Newark', 'New Jersey', 273546),
(3856, 'USA', 'Lexington-Fayette', 'Kentucky', 260512),
(3857, 'USA', 'Anchorage', 'Alaska', 260283),
(3858, 'USA', 'Louisville', 'Kentucky', 256231),
(3859, 'USA', 'Riverside', 'California', 255166),
(3860, 'USA', 'Saint Petersburg', 'Florida', 248232),
(3861, 'USA', 'Bakersfield', 'California', 247057),
(3862, 'USA', 'Stockton', 'California', 243771),
(3863, 'USA', 'Birmingham', 'Alabama', 242820),
(3864, 'USA', 'Jersey City', 'New Jersey', 240055),
(3865, 'USA', 'Norfolk', 'Virginia', 234403),
(3866, 'USA', 'Baton Rouge', 'Louisiana', 227818),
(3867, 'USA', 'Hialeah', 'Florida', 226419),
(3868, 'USA', 'Lincoln', 'Nebraska', 225581),
(3869, 'USA', 'Greensboro', 'North Carolina', 223891),
(3870, 'USA', 'Plano', 'Texas', 222030),
(3871, 'USA', 'Rochester', 'New York', 219773),
(3872, 'USA', 'Glendale', 'Arizona', 218812),
(3873, 'USA', 'Akron', 'Ohio', 217074),
(3874, 'USA', 'Garland', 'Texas', 215768),
(3875, 'USA', 'Madison', 'Wisconsin', 208054),
(3876, 'USA', 'Fort Wayne', 'Indiana', 205727),
(3877, 'USA', 'Fremont', 'California', 203413),
(3878, 'USA', 'Scottsdale', 'Arizona', 202705),
(3879, 'USA', 'Montgomery', 'Alabama', 201568),
(3880, 'USA', 'Shreveport', 'Louisiana', 200145),
(3881, 'USA', 'Augusta-Richmond County', 'Georgia', 199775),
(3882, 'USA', 'Lubbock', 'Texas', 199564),
(3883, 'USA', 'Chesapeake', 'Virginia', 199184),
(3884, 'USA', 'Mobile', 'Alabama', 198915),
(3885, 'USA', 'Des Moines', 'Iowa', 198682),
(3886, 'USA', 'Grand Rapids', 'Michigan', 197800),
(3887, 'USA', 'Richmond', 'Virginia', 197790),
(3888, 'USA', 'Yonkers', 'New York', 196086),
(3889, 'USA', 'Spokane', 'Washington', 195629),
(3890, 'USA', 'Glendale', 'California', 194973),
(3891, 'USA', 'Tacoma', 'Washington', 193556),
(3892, 'USA', 'Irving', 'Texas', 191615),
(3893, 'USA', 'Huntington Beach', 'California', 189594),
(3894, 'USA', 'Modesto', 'California', 188856),
(3895, 'USA', 'Durham', 'North Carolina', 187035),
(3896, 'USA', 'Columbus', 'Georgia', 186291),
(3897, 'USA', 'Orlando', 'Florida', 185951),
(3898, 'USA', 'Boise City', 'Idaho', 185787),
(3899, 'USA', 'Winston-Salem', 'North Carolina', 185776),
(3900, 'USA', 'San Bernardino', 'California', 185401),
(3901, 'USA', 'Jackson', 'Mississippi', 184256),
(3902, 'USA', 'Little Rock', 'Arkansas', 183133),
(3903, 'USA', 'Salt Lake City', 'Utah', 181743),
(3904, 'USA', 'Reno', 'Nevada', 180480),
(3905, 'USA', 'Newport News', 'Virginia', 180150),
(3906, 'USA', 'Chandler', 'Arizona', 176581),
(3907, 'USA', 'Laredo', 'Texas', 176576),
(3908, 'USA', 'Henderson', 'Nevada', 175381),
(3909, 'USA', 'Arlington', 'Virginia', 174838),
(3910, 'USA', 'Knoxville', 'Tennessee', 173890),
(3911, 'USA', 'Amarillo', 'Texas', 173627),
(3912, 'USA', 'Providence', 'Rhode Island', 173618),
(3913, 'USA', 'Chula Vista', 'California', 173556),
(3914, 'USA', 'Worcester', 'Massachusetts', 172648),
(3915, 'USA', 'Oxnard', 'California', 170358),
(3916, 'USA', 'Dayton', 'Ohio', 166179),
(3917, 'USA', 'Garden Grove', 'California', 165196),
(3918, 'USA', 'Oceanside', 'California', 161029),
(3919, 'USA', 'Tempe', 'Arizona', 158625),
(3920, 'USA', 'Huntsville', 'Alabama', 158216),
(3921, 'USA', 'Ontario', 'California', 158007),
(3922, 'USA', 'Chattanooga', 'Tennessee', 155554),
(3923, 'USA', 'Fort Lauderdale', 'Florida', 152397),
(3924, 'USA', 'Springfield', 'Massachusetts', 152082),
(3925, 'USA', 'Springfield', 'Missouri', 151580),
(3926, 'USA', 'Santa Clarita', 'California', 151088),
(3927, 'USA', 'Salinas', 'California', 151060),
(3928, 'USA', 'Tallahassee', 'Florida', 150624),
(3929, 'USA', 'Rockford', 'Illinois', 150115),
(3930, 'USA', 'Pomona', 'California', 149473),
(3931, 'USA', 'Metairie', 'Louisiana', 149428),
(3932, 'USA', 'Paterson', 'New Jersey', 149222),
(3933, 'USA', 'Overland Park', 'Kansas', 149080),
(3934, 'USA', 'Santa Rosa', 'California', 147595),
(3935, 'USA', 'Syracuse', 'New York', 147306),
(3936, 'USA', 'Kansas City', 'Kansas', 146866),
(3937, 'USA', 'Hampton', 'Virginia', 146437),
(3938, 'USA', 'Lakewood', 'Colorado', 144126),
(3939, 'USA', 'Vancouver', 'Washington', 143560),
(3940, 'USA', 'Irvine', 'California', 143072),
(3941, 'USA', 'Aurora', 'Illinois', 142990),
(3942, 'USA', 'Moreno Valley', 'California', 142381),
(3943, 'USA', 'Pasadena', 'California', 141674),
(3944, 'USA', 'Hayward', 'California', 140030),
(3945, 'USA', 'Brownsville', 'Texas', 139722),
(3946, 'USA', 'Bridgeport', 'Connecticut', 139529),
(3947, 'USA', 'Hollywood', 'Florida', 139357),
(3948, 'USA', 'Warren', 'Michigan', 138247),
(3949, 'USA', 'Torrance', 'California', 137946),
(3950, 'USA', 'Eugene', 'Oregon', 137893),
(3951, 'USA', 'Pembroke Pines', 'Florida', 137427),
(3952, 'USA', 'Salem', 'Oregon', 136924),
(3953, 'USA', 'Pasadena', 'Texas', 133936),
(3954, 'USA', 'Escondido', 'California', 133559),
(3955, 'USA', 'Sunnyvale', 'California', 131760),
(3956, 'USA', 'Savannah', 'Georgia', 131510),
(3957, 'USA', 'Fontana', 'California', 128929),
(3958, 'USA', 'Orange', 'California', 128821),
(3959, 'USA', 'Naperville', 'Illinois', 128358),
(3960, 'USA', 'Alexandria', 'Virginia', 128283),
(3961, 'USA', 'Rancho Cucamonga', 'California', 127743),
(3962, 'USA', 'Grand Prairie', 'Texas', 127427),
(3963, 'USA', 'East Los Angeles', 'California', 126379),
(3964, 'USA', 'Fullerton', 'California', 126003),
(3965, 'USA', 'Corona', 'California', 124966),
(3966, 'USA', 'Flint', 'Michigan', 124943),
(3967, 'USA', 'Paradise', 'Nevada', 124682),
(3968, 'USA', 'Mesquite', 'Texas', 124523),
(3969, 'USA', 'Sterling Heights', 'Michigan', 124471),
(3970, 'USA', 'Sioux Falls', 'South Dakota', 123975),
(3971, 'USA', 'New Haven', 'Connecticut', 123626),
(3972, 'USA', 'Topeka', 'Kansas', 122377),
(3973, 'USA', 'Concord', 'California', 121780),
(3974, 'USA', 'Evansville', 'Indiana', 121582),
(3975, 'USA', 'Hartford', 'Connecticut', 121578),
(3976, 'USA', 'Fayetteville', 'North Carolina', 121015),
(3977, 'USA', 'Cedar Rapids', 'Iowa', 120758),
(3978, 'USA', 'Elizabeth', 'New Jersey', 120568),
(3979, 'USA', 'Lansing', 'Michigan', 119128),
(3980, 'USA', 'Lancaster', 'California', 118718),
(3981, 'USA', 'Fort Collins', 'Colorado', 118652),
(3982, 'USA', 'Coral Springs', 'Florida', 117549),
(3983, 'USA', 'Stamford', 'Connecticut', 117083),
(3984, 'USA', 'Thousand Oaks', 'California', 117005),
(3985, 'USA', 'Vallejo', 'California', 116760),
(3986, 'USA', 'Palmdale', 'California', 116670),
(3987, 'USA', 'Columbia', 'South Carolina', 116278),
(3988, 'USA', 'El Monte', 'California', 115965),
(3989, 'USA', 'Abilene', 'Texas', 115930),
(3990, 'USA', 'North Las Vegas', 'Nevada', 115488),
(3991, 'USA', 'Ann Arbor', 'Michigan', 114024),
(3992, 'USA', 'Beaumont', 'Texas', 113866),
(3993, 'USA', 'Waco', 'Texas', 113726),
(3994, 'USA', 'Macon', 'Georgia', 113336),
(3995, 'USA', 'Independence', 'Missouri', 113288),
(3996, 'USA', 'Peoria', 'Illinois', 112936),
(3997, 'USA', 'Inglewood', 'California', 112580),
(3998, 'USA', 'Springfield', 'Illinois', 111454),
(3999, 'USA', 'Simi Valley', 'California', 111351),
(4000, 'USA', 'Lafayette', 'Louisiana', 110257),
(4001, 'USA', 'Gilbert', 'Arizona', 109697),
(4002, 'USA', 'Carrollton', 'Texas', 109576),
(4003, 'USA', 'Bellevue', 'Washington', 109569),
(4004, 'USA', 'West Valley City', 'Utah', 108896),
(4005, 'USA', 'Clarksville', 'Tennessee', 108787),
(4006, 'USA', 'Costa Mesa', 'California', 108724),
(4007, 'USA', 'Peoria', 'Arizona', 108364),
(4008, 'USA', 'South Bend', 'Indiana', 107789),
(4009, 'USA', 'Downey', 'California', 107323),
(4010, 'USA', 'Waterbury', 'Connecticut', 107271),
(4011, 'USA', 'Manchester', 'New Hampshire', 107006),
(4012, 'USA', 'Allentown', 'Pennsylvania', 106632),
(4013, 'USA', 'McAllen', 'Texas', 106414),
(4014, 'USA', 'Joliet', 'Illinois', 106221),
(4015, 'USA', 'Lowell', 'Massachusetts', 105167),
(4016, 'USA', 'Provo', 'Utah', 105166),
(4017, 'USA', 'West Covina', 'California', 105080),
(4018, 'USA', 'Wichita Falls', 'Texas', 104197),
(4019, 'USA', 'Erie', 'Pennsylvania', 103717),
(4020, 'USA', 'Daly City', 'California', 103621),
(4021, 'USA', 'Citrus Heights', 'California', 103455),
(4022, 'USA', 'Norwalk', 'California', 103298),
(4023, 'USA', 'Gary', 'Indiana', 102746),
(4024, 'USA', 'Berkeley', 'California', 102743),
(4025, 'USA', 'Santa Clara', 'California', 102361),
(4026, 'USA', 'Green Bay', 'Wisconsin', 102313),
(4027, 'USA', 'Cape Coral', 'Florida', 102286),
(4028, 'USA', 'Arvada', 'Colorado', 102153),
(4029, 'USA', 'Pueblo', 'Colorado', 102121),
(4030, 'USA', 'Sandy', 'Utah', 101853),
(4031, 'USA', 'Athens-Clarke County', 'Georgia', 101489),
(4032, 'USA', 'Cambridge', 'Massachusetts', 101355),
(4033, 'USA', 'Westminster', 'Colorado', 100940),
(4034, 'USA', 'San Buenaventura', 'California', 100916),
(4035, 'USA', 'Portsmouth', 'Virginia', 100565),
(4036, 'USA', 'Livonia', 'Michigan', 100545),
(4037, 'USA', 'Burbank', 'California', 100316),
(4038, 'USA', 'Clearwater', 'Florida', 99936),
(4039, 'USA', 'Midland', 'Texas', 98293),
(4040, 'USA', 'Davenport', 'Iowa', 98256),
(4041, 'USA', 'Mission Viejo', 'California', 98049),
(4042, 'USA', 'Miami Beach', 'Florida', 97855),
(4043, 'USA', 'Sunrise Manor', 'Nevada', 95362),
(4044, 'USA', 'New Bedford', 'Massachusetts', 94780),
(4045, 'USA', 'El Cajon', 'California', 94578),
(4046, 'USA', 'Norman', 'Oklahoma', 94193),
(4047, 'USA', 'Richmond', 'California', 94100),
(4048, 'USA', 'Albany', 'New York', 93994),
(4049, 'USA', 'Brockton', 'Massachusetts', 93653),
(4050, 'USA', 'Roanoke', 'Virginia', 93357),
(4051, 'USA', 'Billings', 'Montana', 92988),
(4052, 'USA', 'Compton', 'California', 92864),
(4053, 'USA', 'Gainesville', 'Florida', 92291),
(4054, 'USA', 'Fairfield', 'California', 92256),
(4055, 'USA', 'Arden-Arcade', 'California', 92040),
(4056, 'USA', 'San Mateo', 'California', 91799),
(4057, 'USA', 'Visalia', 'California', 91762),
(4058, 'USA', 'Boulder', 'Colorado', 91238),
(4059, 'USA', 'Cary', 'North Carolina', 91213),
(4060, 'USA', 'Santa Monica', 'California', 91084),
(4061, 'USA', 'Fall River', 'Massachusetts', 90555),
(4062, 'USA', 'Kenosha', 'Wisconsin', 89447),
(4063, 'USA', 'Elgin', 'Illinois', 89408),
(4064, 'USA', 'Odessa', 'Texas', 89293),
(4065, 'USA', 'Carson', 'California', 89089),
(4066, 'USA', 'Charleston', 'South Carolina', 89063),
(4067, 'VIR', 'Charlotte Amalie', 'St Thomas', 13000),
(4068, 'ZWE', 'Harare', 'Harare', 1410000),
(4069, 'ZWE', 'Bulawayo', 'Bulawayo', 621742),
(4070, 'ZWE', 'Chitungwiza', 'Harare', 274912),
(4071, 'ZWE', 'Mount Darwin', 'Harare', 164362),
(4072, 'ZWE', 'Mutare', 'Manicaland', 131367),
(4073, 'ZWE', 'Gweru', 'Midlands', 128037),
(4074, 'PSE', 'Gaza', 'Gaza', 353632),
(4075, 'PSE', 'Khan Yunis', 'Khan Yunis', 123175),
(4076, 'PSE', 'Hebron', 'Hebron', 119401),
(4077, 'PSE', 'Jabaliya', 'North Gaza', 113901),
(4078, 'PSE', 'Nablus', 'Nablus', 100231),
(4079, 'PSE', 'Rafah', 'Rafah', 92020);

-- --------------------------------------------------------

--
-- Struttura della tabella `countries`
--

CREATE TABLE `countries` (
  `code` char(3) NOT NULL DEFAULT '',
  `name` char(52) NOT NULL DEFAULT '',
  `continent` enum('Asia','Europe','North America','Africa','Oceania','Antarctica','South America') NOT NULL DEFAULT 'Asia',
  `region` char(26) NOT NULL DEFAULT '',
  `surface_area` decimal(10,2) NOT NULL DEFAULT '0.00',
  `population` int(11) NOT NULL DEFAULT '0',
  `life_expectancy` decimal(3,1) DEFAULT NULL,
  `local_name` char(45) NOT NULL DEFAULT '',
  `government_form` char(45) NOT NULL DEFAULT ''
) ENGINE=InnoDB DEFAULT CHARSET=utf8mb4;

--
-- Dump dei dati per la tabella `countries`
--

INSERT INTO `countries` (`code`, `name`, `continent`, `region`, `surface_area`, `population`, `life_expectancy`, `local_name`, `government_form`) VALUES
('ABW', 'Aruba', 'North America', 'Caribbean', '193.00', 103000, '78.4', 'Aruba', 'Nonmetropolitan Territory of The Netherlands'),
('AFG', 'Afghanistan', 'Asia', 'Southern and Central Asia', '652090.00', 22720000, '45.9', 'Afganistan/Afqanestan', 'Islamic Emirate'),
('AGO', 'Angola', 'Africa', 'Central Africa', '1246700.00', 12878000, '38.3', 'Angola', 'Republic'),
('AIA', 'Anguilla', 'North America', 'Caribbean', '96.00', 8000, '76.1', 'Anguilla', 'Dependent Territory of the UK'),
('ALB', 'Albania', 'Europe', 'Southern Europe', '28748.00', 3401200, '71.6', 'Shqipëria', 'Republic'),
('AND', 'Andorra', 'Europe', 'Southern Europe', '468.00', 78000, '83.5', 'Andorra', 'Parliamentary Coprincipality'),
('ANT', 'Netherlands Antilles', 'North America', 'Caribbean', '800.00', 217000, '74.7', 'Nederlandse Antillen', 'Nonmetropolitan Territory of The Netherlands'),
('ARE', 'United Arab Emirates', 'Asia', 'Middle East', '83600.00', 2441000, '74.1', 'Al-Imarat al-´Arabiya al-Muttahida', 'Emirate Federation'),
('ARG', 'Argentina', 'South America', 'South America', '2780400.00', 37032000, '75.1', 'Argentina', 'Federal Republic'),
('ARM', 'Armenia', 'Asia', 'Middle East', '29800.00', 3520000, '66.4', 'Hajastan', 'Republic'),
('ASM', 'American Samoa', 'Oceania', 'Polynesia', '199.00', 68000, '75.1', 'Amerika Samoa', 'US Territory'),
('ATA', 'Antarctica', 'Antarctica', 'Antarctica', '13120000.00', 0, NULL, '–', 'Co-administrated'),
('ATF', 'French Southern territories', 'Antarctica', 'Antarctica', '7780.00', 0, NULL, 'Terres australes françaises', 'Nonmetropolitan Territory of France'),
('ATG', 'Antigua and Barbuda', 'North America', 'Caribbean', '442.00', 68000, '70.5', 'Antigua and Barbuda', 'Constitutional Monarchy'),
('AUS', 'Australia', 'Oceania', 'Australia and New Zealand', '7741220.00', 18886000, '79.8', 'Australia', 'Constitutional Monarchy, Federation'),
('AUT', 'Austria', 'Europe', 'Western Europe', '83859.00', 8091800, '77.7', 'Österreich', 'Federal Republic'),
('AZE', 'Azerbaijan', 'Asia', 'Middle East', '86600.00', 7734000, '62.9', 'Azärbaycan', 'Federal Republic'),
('BDI', 'Burundi', 'Africa', 'Eastern Africa', '27834.00', 6695000, '46.2', 'Burundi/Uburundi', 'Republic'),
('BEL', 'Belgium', 'Europe', 'Western Europe', '30518.00', 10239000, '77.8', 'België/Belgique', 'Constitutional Monarchy, Federation'),
('BEN', 'Benin', 'Africa', 'Western Africa', '112622.00', 6097000, '50.2', 'Bénin', 'Republic'),
('BFA', 'Burkina Faso', 'Africa', 'Western Africa', '274000.00', 11937000, '46.7', 'Burkina Faso', 'Republic'),
('BGD', 'Bangladesh', 'Asia', 'Southern and Central Asia', '143998.00', 129155000, '60.2', 'Bangladesh', 'Republic'),
('BGR', 'Bulgaria', 'Europe', 'Eastern Europe', '110994.00', 8190900, '70.9', 'Balgarija', 'Republic'),
('BHR', 'Bahrain', 'Asia', 'Middle East', '694.00', 617000, '73.0', 'Al-Bahrayn', 'Monarchy (Emirate)'),
('BHS', 'Bahamas', 'North America', 'Caribbean', '13878.00', 307000, '71.1', 'The Bahamas', 'Constitutional Monarchy'),
('BIH', 'Bosnia and Herzegovina', 'Europe', 'Southern Europe', '51197.00', 3972000, '71.5', 'Bosna i Hercegovina', 'Federal Republic'),
('BLR', 'Belarus', 'Europe', 'Eastern Europe', '207600.00', 10236000, '68.0', 'Belarus', 'Republic'),
('BLZ', 'Belize', 'North America', 'Central America', '22696.00', 241000, '70.9', 'Belize', 'Constitutional Monarchy'),
('BMU', 'Bermuda', 'North America', 'North America', '53.00', 65000, '76.9', 'Bermuda', 'Dependent Territory of the UK'),
('BOL', 'Bolivia', 'South America', 'South America', '1098581.00', 8329000, '63.7', 'Bolivia', 'Republic'),
('BRA', 'Brazil', 'South America', 'South America', '8547403.00', 170115000, '62.9', 'Brasil', 'Federal Republic'),
('BRB', 'Barbados', 'North America', 'Caribbean', '430.00', 270000, '73.0', 'Barbados', 'Constitutional Monarchy'),
('BRN', 'Brunei', 'Asia', 'Southeast Asia', '5765.00', 328000, '73.6', 'Brunei Darussalam', 'Monarchy (Sultanate)'),
('BTN', 'Bhutan', 'Asia', 'Southern and Central Asia', '47000.00', 2124000, '52.4', 'Druk-Yul', 'Monarchy'),
('BVT', 'Bouvet Island', 'Antarctica', 'Antarctica', '59.00', 0, NULL, 'Bouvetøya', 'Dependent Territory of Norway'),
('BWA', 'Botswana', 'Africa', 'Southern Africa', '581730.00', 1622000, '39.3', 'Botswana', 'Republic'),
('CAF', 'Central African Republic', 'Africa', 'Central Africa', '622984.00', 3615000, '44.0', 'Centrafrique/Bê-Afrîka', 'Republic'),
('CAN', 'Canada', 'North America', 'North America', '9970610.00', 31147000, '79.4', 'Canada', 'Constitutional Monarchy, Federation'),
('CCK', 'Cocos (Keeling) Islands', 'Oceania', 'Australia and New Zealand', '14.00', 600, NULL, 'Cocos (Keeling) Islands', 'Territory of Australia'),
('CHE', 'Switzerland', 'Europe', 'Western Europe', '41284.00', 7160400, '79.6', 'Schweiz/Suisse/Svizzera/Svizra', 'Federation'),
('CHL', 'Chile', 'South America', 'South America', '756626.00', 15211000, '75.7', 'Chile', 'Republic'),
('CHN', 'China', 'Asia', 'Eastern Asia', '9572900.00', 1277558000, '71.4', 'Zhongquo', 'People\'sRepublic'),
('CIV', 'Côte d’Ivoire', 'Africa', 'Western Africa', '322463.00', 14786000, '45.2', 'Côte d’Ivoire', 'Republic'),
('CMR', 'Cameroon', 'Africa', 'Central Africa', '475442.00', 15085000, '54.8', 'Cameroun/Cameroon', 'Republic'),
('COD', 'Congo, The Democratic Republic of the', 'Africa', 'Central Africa', '2344858.00', 51654000, '48.8', 'République Démocratique du Congo', 'Republic'),
('COG', 'Congo', 'Africa', 'Central Africa', '342000.00', 2943000, '47.4', 'Congo', 'Republic'),
('COK', 'Cook Islands', 'Oceania', 'Polynesia', '236.00', 20000, '71.1', 'The Cook Islands', 'Nonmetropolitan Territory of New Zealand'),
('COL', 'Colombia', 'South America', 'South America', '1138914.00', 42321000, '70.3', 'Colombia', 'Republic'),
('COM', 'Comoros', 'Africa', 'Eastern Africa', '1862.00', 578000, '60.0', 'Komori/Comores', 'Republic'),
('CPV', 'Cape Verde', 'Africa', 'Western Africa', '4033.00', 428000, '68.9', 'Cabo Verde', 'Republic'),
('CRI', 'Costa Rica', 'North America', 'Central America', '51100.00', 4023000, '75.8', 'Costa Rica', 'Republic'),
('CUB', 'Cuba', 'North America', 'Caribbean', '110861.00', 11201000, '76.2', 'Cuba', 'Socialistic Republic'),
('CXR', 'Christmas Island', 'Oceania', 'Australia and New Zealand', '135.00', 2500, NULL, 'Christmas Island', 'Territory of Australia'),
('CYM', 'Cayman Islands', 'North America', 'Caribbean', '264.00', 38000, '78.9', 'Cayman Islands', 'Dependent Territory of the UK'),
('CYP', 'Cyprus', 'Asia', 'Middle East', '9251.00', 754700, '76.7', 'Kýpros/Kibris', 'Republic'),
('CZE', 'Czech Republic', 'Europe', 'Eastern Europe', '78866.00', 10278100, '74.5', '¸esko', 'Republic'),
('DEU', 'Germany', 'Europe', 'Western Europe', '357022.00', 82164700, '77.4', 'Deutschland', 'Federal Republic'),
('DJI', 'Djibouti', 'Africa', 'Eastern Africa', '23200.00', 638000, '50.8', 'Djibouti/Jibuti', 'Republic'),
('DMA', 'Dominica', 'North America', 'Caribbean', '751.00', 71000, '73.4', 'Dominica', 'Republic'),
('DNK', 'Denmark', 'Europe', 'Nordic Countries', '43094.00', 5330000, '76.5', 'Danmark', 'Constitutional Monarchy'),
('DOM', 'Dominican Republic', 'North America', 'Caribbean', '48511.00', 8495000, '73.2', 'República Dominicana', 'Republic'),
('DZA', 'Algeria', 'Africa', 'Northern Africa', '2381741.00', 31471000, '69.7', 'Al-Jaza’ir/Algérie', 'Republic'),
('ECU', 'Ecuador', 'South America', 'South America', '283561.00', 12646000, '71.1', 'Ecuador', 'Republic'),
('EGY', 'Egypt', 'Africa', 'Northern Africa', '1001449.00', 68470000, '63.3', 'Misr', 'Republic'),
('ERI', 'Eritrea', 'Africa', 'Eastern Africa', '117600.00', 3850000, '55.8', 'Ertra', 'Republic'),
('ESH', 'Western Sahara', 'Africa', 'Northern Africa', '266000.00', 293000, '49.8', 'As-Sahrawiya', 'Occupied by Marocco'),
('ESP', 'Spain', 'Europe', 'Southern Europe', '505992.00', 39441700, '78.8', 'España', 'Constitutional Monarchy'),
('EST', 'Estonia', 'Europe', 'Baltic Countries', '45227.00', 1439200, '69.5', 'Eesti', 'Republic'),
('ETH', 'Ethiopia', 'Africa', 'Eastern Africa', '1104300.00', 62565000, '45.2', 'YeItyop´iya', 'Republic'),
('FIN', 'Finland', 'Europe', 'Nordic Countries', '338145.00', 5171300, '77.4', 'Suomi', 'Republic'),
('FJI', 'Fiji Islands', 'Oceania', 'Melanesia', '18274.00', 817000, '67.9', 'Fiji Islands', 'Republic'),
('FLK', 'Falkland Islands', 'South America', 'South America', '12173.00', 2000, NULL, 'Falkland Islands', 'Dependent Territory of the UK'),
('FRA', 'France', 'Europe', 'Western Europe', '551500.00', 59225700, '78.8', 'France', 'Republic'),
('FRO', 'Faroe Islands', 'Europe', 'Nordic Countries', '1399.00', 43000, '78.4', 'Føroyar', 'Part of Denmark'),
('FSM', 'Micronesia, Federated States of', 'Oceania', 'Micronesia', '702.00', 119000, '68.6', 'Micronesia', 'Federal Republic'),
('GAB', 'Gabon', 'Africa', 'Central Africa', '267668.00', 1226000, '50.1', 'Le Gabon', 'Republic'),
('GBR', 'United Kingdom', 'Europe', 'British Islands', '242900.00', 59623400, '77.7', 'United Kingdom', 'Constitutional Monarchy'),
('GEO', 'Georgia', 'Asia', 'Middle East', '69700.00', 4968000, '64.5', 'Sakartvelo', 'Republic'),
('GHA', 'Ghana', 'Africa', 'Western Africa', '238533.00', 20212000, '57.4', 'Ghana', 'Republic'),
('GIB', 'Gibraltar', 'Europe', 'Southern Europe', '6.00', 25000, '79.0', 'Gibraltar', 'Dependent Territory of the UK'),
('GIN', 'Guinea', 'Africa', 'Western Africa', '245857.00', 7430000, '45.6', 'Guinée', 'Republic'),
('GLP', 'Guadeloupe', 'North America', 'Caribbean', '1705.00', 456000, '77.0', 'Guadeloupe', 'Overseas Department of France'),
('GMB', 'Gambia', 'Africa', 'Western Africa', '11295.00', 1305000, '53.2', 'The Gambia', 'Republic'),
('GNB', 'Guinea-Bissau', 'Africa', 'Western Africa', '36125.00', 1213000, '49.0', 'Guiné-Bissau', 'Republic'),
('GNQ', 'Equatorial Guinea', 'Africa', 'Central Africa', '28051.00', 453000, '53.6', 'Guinea Ecuatorial', 'Republic'),
('GRC', 'Greece', 'Europe', 'Southern Europe', '131626.00', 10545700, '78.4', 'Elláda', 'Republic'),
('GRD', 'Grenada', 'North America', 'Caribbean', '344.00', 94000, '64.5', 'Grenada', 'Constitutional Monarchy'),
('GRL', 'Greenland', 'North America', 'North America', '2166090.00', 56000, '68.1', 'Kalaallit Nunaat/Grønland', 'Part of Denmark'),
('GTM', 'Guatemala', 'North America', 'Central America', '108889.00', 11385000, '66.2', 'Guatemala', 'Republic'),
('GUF', 'French Guiana', 'South America', 'South America', '90000.00', 181000, '76.1', 'Guyane française', 'Overseas Department of France'),
('GUM', 'Guam', 'Oceania', 'Micronesia', '549.00', 168000, '77.8', 'Guam', 'US Territory'),
('GUY', 'Guyana', 'South America', 'South America', '214969.00', 861000, '64.0', 'Guyana', 'Republic'),
('HKG', 'Hong Kong', 'Asia', 'Eastern Asia', '1075.00', 6782000, '79.5', 'Xianggang/Hong Kong', 'Special Administrative Region of China'),
('HMD', 'Heard Island and McDonald Islands', 'Antarctica', 'Antarctica', '359.00', 0, NULL, 'Heard and McDonald Islands', 'Territory of Australia'),
('HND', 'Honduras', 'North America', 'Central America', '112088.00', 6485000, '69.9', 'Honduras', 'Republic'),
('HRV', 'Croatia', 'Europe', 'Southern Europe', '56538.00', 4473000, '73.7', 'Hrvatska', 'Republic'),
('HTI', 'Haiti', 'North America', 'Caribbean', '27750.00', 8222000, '49.2', 'Haïti/Dayti', 'Republic'),
('HUN', 'Hungary', 'Europe', 'Eastern Europe', '93030.00', 10043200, '71.4', 'Magyarország', 'Republic'),
('IDN', 'Indonesia', 'Asia', 'Southeast Asia', '1904569.00', 212107000, '68.0', 'Indonesia', 'Republic'),
('IND', 'India', 'Asia', 'Southern and Central Asia', '3287263.00', 1013662000, '62.5', 'Bharat/India', 'Federal Republic'),
('IOT', 'British Indian Ocean Territory', 'Africa', 'Eastern Africa', '78.00', 0, NULL, 'British Indian Ocean Territory', 'Dependent Territory of the UK'),
('IRL', 'Ireland', 'Europe', 'British Islands', '70273.00', 3775100, '76.8', 'Ireland/Éire', 'Republic'),
('IRN', 'Iran', 'Asia', 'Southern and Central Asia', '1648195.00', 67702000, '69.7', 'Iran', 'Islamic Republic'),
('IRQ', 'Iraq', 'Asia', 'Middle East', '438317.00', 23115000, '66.5', 'Al-´Iraq', 'Republic'),
('ISL', 'Iceland', 'Europe', 'Nordic Countries', '103000.00', 279000, '79.4', 'Ísland', 'Republic'),
('ISR', 'Israel', 'Asia', 'Middle East', '21056.00', 6217000, '78.6', 'Yisra’el/Isra’il', 'Republic'),
('ITA', 'Italy', 'Europe', 'Southern Europe', '301316.00', 57680000, '79.0', 'Italia', 'Republic'),
('JAM', 'Jamaica', 'North America', 'Caribbean', '10990.00', 2583000, '75.2', 'Jamaica', 'Constitutional Monarchy'),
('JOR', 'Jordan', 'Asia', 'Middle East', '88946.00', 5083000, '77.4', 'Al-Urdunn', 'Constitutional Monarchy'),
('JPN', 'Japan', 'Asia', 'Eastern Asia', '377829.00', 126714000, '80.7', 'Nihon/Nippon', 'Constitutional Monarchy'),
('KAZ', 'Kazakstan', 'Asia', 'Southern and Central Asia', '2724900.00', 16223000, '63.2', 'Qazaqstan', 'Republic'),
('KEN', 'Kenya', 'Africa', 'Eastern Africa', '580367.00', 30080000, '48.0', 'Kenya', 'Republic'),
('KGZ', 'Kyrgyzstan', 'Asia', 'Southern and Central Asia', '199900.00', 4699000, '63.4', 'Kyrgyzstan', 'Republic'),
('KHM', 'Cambodia', 'Asia', 'Southeast Asia', '181035.00', 11168000, '56.5', 'Kâmpuchéa', 'Constitutional Monarchy'),
('KIR', 'Kiribati', 'Oceania', 'Micronesia', '726.00', 83000, '59.8', 'Kiribati', 'Republic'),
('KNA', 'Saint Kitts and Nevis', 'North America', 'Caribbean', '261.00', 38000, '70.7', 'Saint Kitts and Nevis', 'Constitutional Monarchy'),
('KOR', 'South Korea', 'Asia', 'Eastern Asia', '99434.00', 46844000, '74.4', 'Taehan Min’guk (Namhan)', 'Republic'),
('KWT', 'Kuwait', 'Asia', 'Middle East', '17818.00', 1972000, '76.1', 'Al-Kuwayt', 'Constitutional Monarchy (Emirate)'),
('LAO', 'Laos', 'Asia', 'Southeast Asia', '236800.00', 5433000, '53.1', 'Lao', 'Republic'),
('LBN', 'Lebanon', 'Asia', 'Middle East', '10400.00', 3282000, '71.3', 'Lubnan', 'Republic'),
('LBR', 'Liberia', 'Africa', 'Western Africa', '111369.00', 3154000, '51.0', 'Liberia', 'Republic'),
('LBY', 'Libyan Arab Jamahiriya', 'Africa', 'Northern Africa', '1759540.00', 5605000, '75.5', 'Libiya', 'Socialistic State'),
('LCA', 'Saint Lucia', 'North America', 'Caribbean', '622.00', 154000, '72.3', 'Saint Lucia', 'Constitutional Monarchy'),
('LIE', 'Liechtenstein', 'Europe', 'Western Europe', '160.00', 32300, '78.8', 'Liechtenstein', 'Constitutional Monarchy'),
('LKA', 'Sri Lanka', 'Asia', 'Southern and Central Asia', '65610.00', 18827000, '71.8', 'Sri Lanka/Ilankai', 'Republic'),
('LSO', 'Lesotho', 'Africa', 'Southern Africa', '30355.00', 2153000, '50.8', 'Lesotho', 'Constitutional Monarchy'),
('LTU', 'Lithuania', 'Europe', 'Baltic Countries', '65301.00', 3698500, '69.1', 'Lietuva', 'Republic'),
('LUX', 'Luxembourg', 'Europe', 'Western Europe', '2586.00', 435700, '77.1', 'Luxembourg/Lëtzebuerg', 'Constitutional Monarchy'),
('LVA', 'Latvia', 'Europe', 'Baltic Countries', '64589.00', 2424200, '68.4', 'Latvija', 'Republic'),
('MAC', 'Macao', 'Asia', 'Eastern Asia', '18.00', 473000, '81.6', 'Macau/Aomen', 'Special Administrative Region of China'),
('MAR', 'Morocco', 'Africa', 'Northern Africa', '446550.00', 28351000, '69.1', 'Al-Maghrib', 'Constitutional Monarchy'),
('MCO', 'Monaco', 'Europe', 'Western Europe', '1.50', 34000, '78.8', 'Monaco', 'Constitutional Monarchy'),
('MDA', 'Moldova', 'Europe', 'Eastern Europe', '33851.00', 4380000, '64.5', 'Moldova', 'Republic'),
('MDG', 'Madagascar', 'Africa', 'Eastern Africa', '587041.00', 15942000, '55.0', 'Madagasikara/Madagascar', 'Federal Republic'),
('MDV', 'Maldives', 'Asia', 'Southern and Central Asia', '298.00', 286000, '62.2', 'Dhivehi Raajje/Maldives', 'Republic'),
('MEX', 'Mexico', 'North America', 'Central America', '1958201.00', 98881000, '71.5', 'México', 'Federal Republic'),
('MHL', 'Marshall Islands', 'Oceania', 'Micronesia', '181.00', 64000, '65.5', 'Marshall Islands/Majol', 'Republic'),
('MKD', 'Macedonia', 'Europe', 'Southern Europe', '25713.00', 2024000, '73.8', 'Makedonija', 'Republic'),
('MLI', 'Mali', 'Africa', 'Western Africa', '1240192.00', 11234000, '46.7', 'Mali', 'Republic'),
('MLT', 'Malta', 'Europe', 'Southern Europe', '316.00', 380200, '77.9', 'Malta', 'Republic'),
('MMR', 'Myanmar', 'Asia', 'Southeast Asia', '676578.00', 45611000, '54.9', 'Myanma Pye', 'Republic'),
('MNG', 'Mongolia', 'Asia', 'Eastern Asia', '1566500.00', 2662000, '67.3', 'Mongol Uls', 'Republic'),
('MNP', 'Northern Mariana Islands', 'Oceania', 'Micronesia', '464.00', 78000, '75.5', 'Northern Mariana Islands', 'Commonwealth of the US'),
('MOZ', 'Mozambique', 'Africa', 'Eastern Africa', '801590.00', 19680000, '37.5', 'Moçambique', 'Republic'),
('MRT', 'Mauritania', 'Africa', 'Western Africa', '1025520.00', 2670000, '50.8', 'Muritaniya/Mauritanie', 'Republic'),
('MSR', 'Montserrat', 'North America', 'Caribbean', '102.00', 11000, '78.0', 'Montserrat', 'Dependent Territory of the UK'),
('MTQ', 'Martinique', 'North America', 'Caribbean', '1102.00', 395000, '78.3', 'Martinique', 'Overseas Department of France'),
('MUS', 'Mauritius', 'Africa', 'Eastern Africa', '2040.00', 1158000, '71.0', 'Mauritius', 'Republic'),
('MWI', 'Malawi', 'Africa', 'Eastern Africa', '118484.00', 10925000, '37.6', 'Malawi', 'Republic'),
('MYS', 'Malaysia', 'Asia', 'Southeast Asia', '329758.00', 22244000, '70.8', 'Malaysia', 'Constitutional Monarchy, Federation'),
('MYT', 'Mayotte', 'Africa', 'Eastern Africa', '373.00', 149000, '59.5', 'Mayotte', 'Territorial Collectivity of France'),
('NAM', 'Namibia', 'Africa', 'Southern Africa', '824292.00', 1726000, '42.5', 'Namibia', 'Republic'),
('NCL', 'New Caledonia', 'Oceania', 'Melanesia', '18575.00', 214000, '72.8', 'Nouvelle-Calédonie', 'Nonmetropolitan Territory of France'),
('NER', 'Niger', 'Africa', 'Western Africa', '1267000.00', 10730000, '41.3', 'Niger', 'Republic'),
('NFK', 'Norfolk Island', 'Oceania', 'Australia and New Zealand', '36.00', 2000, NULL, 'Norfolk Island', 'Territory of Australia'),
('NGA', 'Nigeria', 'Africa', 'Western Africa', '923768.00', 111506000, '51.6', 'Nigeria', 'Federal Republic'),
('NIC', 'Nicaragua', 'North America', 'Central America', '130000.00', 5074000, '68.7', 'Nicaragua', 'Republic'),
('NIU', 'Niue', 'Oceania', 'Polynesia', '260.00', 2000, NULL, 'Niue', 'Nonmetropolitan Territory of New Zealand'),
('NLD', 'Netherlands', 'Europe', 'Western Europe', '41526.00', 15864000, '78.3', 'Nederland', 'Constitutional Monarchy'),
('NOR', 'Norway', 'Europe', 'Nordic Countries', '323877.00', 4478500, '78.7', 'Norge', 'Constitutional Monarchy'),
('NPL', 'Nepal', 'Asia', 'Southern and Central Asia', '147181.00', 23930000, '57.8', 'Nepal', 'Constitutional Monarchy'),
('NRU', 'Nauru', 'Oceania', 'Micronesia', '21.00', 12000, '60.8', 'Naoero/Nauru', 'Republic'),
('NZL', 'New Zealand', 'Oceania', 'Australia and New Zealand', '270534.00', 3862000, '77.8', 'New Zealand/Aotearoa', 'Constitutional Monarchy'),
('OMN', 'Oman', 'Asia', 'Middle East', '309500.00', 2542000, '71.8', '´Uman', 'Monarchy (Sultanate)'),
('PAK', 'Pakistan', 'Asia', 'Southern and Central Asia', '796095.00', 156483000, '61.1', 'Pakistan', 'Republic'),
('PAN', 'Panama', 'North America', 'Central America', '75517.00', 2856000, '75.5', 'Panamá', 'Republic'),
('PCN', 'Pitcairn', 'Oceania', 'Polynesia', '49.00', 50, NULL, 'Pitcairn', 'Dependent Territory of the UK'),
('PER', 'Peru', 'South America', 'South America', '1285216.00', 25662000, '70.0', 'Perú/Piruw', 'Republic'),
('PHL', 'Philippines', 'Asia', 'Southeast Asia', '300000.00', 75967000, '67.5', 'Pilipinas', 'Republic'),
('PLW', 'Palau', 'Oceania', 'Micronesia', '459.00', 19000, '68.6', 'Belau/Palau', 'Republic'),
('PNG', 'Papua New Guinea', 'Oceania', 'Melanesia', '462840.00', 4807000, '63.1', 'Papua New Guinea/Papua Niugini', 'Constitutional Monarchy'),
('POL', 'Poland', 'Europe', 'Eastern Europe', '323250.00', 38653600, '73.2', 'Polska', 'Republic'),
('PRI', 'Puerto Rico', 'North America', 'Caribbean', '8875.00', 3869000, '75.6', 'Puerto Rico', 'Commonwealth of the US'),
('PRK', 'North Korea', 'Asia', 'Eastern Asia', '120538.00', 24039000, '70.7', 'Choson Minjujuui In´min Konghwaguk (Bukhan)', 'Socialistic Republic'),
('PRT', 'Portugal', 'Europe', 'Southern Europe', '91982.00', 9997600, '75.8', 'Portugal', 'Republic'),
('PRY', 'Paraguay', 'South America', 'South America', '406752.00', 5496000, '73.7', 'Paraguay', 'Republic'),
('PSE', 'Palestine', 'Asia', 'Middle East', '6257.00', 3101000, '71.4', 'Filastin', 'Autonomous Area'),
('PYF', 'French Polynesia', 'Oceania', 'Polynesia', '4000.00', 235000, '74.8', 'Polynésie française', 'Nonmetropolitan Territory of France'),
('QAT', 'Qatar', 'Asia', 'Middle East', '11000.00', 599000, '72.4', 'Qatar', 'Monarchy'),
('REU', 'Réunion', 'Africa', 'Eastern Africa', '2510.00', 699000, '72.7', 'Réunion', 'Overseas Department of France'),
('ROM', 'Romania', 'Europe', 'Eastern Europe', '238391.00', 22455500, '69.9', 'România', 'Republic'),
('RUS', 'Russian Federation', 'Europe', 'Eastern Europe', '17075400.00', 146934000, '67.2', 'Rossija', 'Federal Republic'),
('RWA', 'Rwanda', 'Africa', 'Eastern Africa', '26338.00', 7733000, '39.3', 'Rwanda/Urwanda', 'Republic'),
('SAU', 'Saudi Arabia', 'Asia', 'Middle East', '2149690.00', 21607000, '67.8', 'Al-´Arabiya as-Sa´udiya', 'Monarchy'),
('SDN', 'Sudan', 'Africa', 'Northern Africa', '2505813.00', 29490000, '56.6', 'As-Sudan', 'Islamic Republic'),
('SEN', 'Senegal', 'Africa', 'Western Africa', '196722.00', 9481000, '62.2', 'Sénégal/Sounougal', 'Republic'),
('SGP', 'Singapore', 'Asia', 'Southeast Asia', '618.00', 3567000, '80.1', 'Singapore/Singapura/Xinjiapo/Singapur', 'Republic'),
('SGS', 'South Georgia and the South Sandwich Islands', 'Antarctica', 'Antarctica', '3903.00', 0, NULL, 'South Georgia and the South Sandwich Islands', 'Dependent Territory of the UK'),
('SHN', 'Saint Helena', 'Africa', 'Western Africa', '314.00', 6000, '76.8', 'Saint Helena', 'Dependent Territory of the UK'),
('SJM', 'Svalbard and Jan Mayen', 'Europe', 'Nordic Countries', '62422.00', 3200, NULL, 'Svalbard og Jan Mayen', 'Dependent Territory of Norway'),
('SLB', 'Solomon Islands', 'Oceania', 'Melanesia', '28896.00', 444000, '71.3', 'Solomon Islands', 'Constitutional Monarchy'),
('SLE', 'Sierra Leone', 'Africa', 'Western Africa', '71740.00', 4854000, '45.3', 'Sierra Leone', 'Republic'),
('SLV', 'El Salvador', 'North America', 'Central America', '21041.00', 6276000, '69.7', 'El Salvador', 'Republic'),
('SMR', 'San Marino', 'Europe', 'Southern Europe', '61.00', 27000, '81.1', 'San Marino', 'Republic'),
('SOM', 'Somalia', 'Africa', 'Eastern Africa', '637657.00', 10097000, '46.2', 'Soomaaliya', 'Republic'),
('SPM', 'Saint Pierre and Miquelon', 'North America', 'North America', '242.00', 7000, '77.6', 'Saint-Pierre-et-Miquelon', 'Territorial Collectivity of France'),
('STP', 'Sao Tome and Principe', 'Africa', 'Central Africa', '964.00', 147000, '65.3', 'São Tomé e Príncipe', 'Republic'),
('SUR', 'Suriname', 'South America', 'South America', '163265.00', 417000, '71.4', 'Suriname', 'Republic'),
('SVK', 'Slovakia', 'Europe', 'Eastern Europe', '49012.00', 5398700, '73.7', 'Slovensko', 'Republic'),
('SVN', 'Slovenia', 'Europe', 'Southern Europe', '20256.00', 1987800, '74.9', 'Slovenija', 'Republic'),
('SWE', 'Sweden', 'Europe', 'Nordic Countries', '449964.00', 8861400, '79.6', 'Sverige', 'Constitutional Monarchy'),
('SWZ', 'Swaziland', 'Africa', 'Southern Africa', '17364.00', 1008000, '40.4', 'kaNgwane', 'Monarchy'),
('SYC', 'Seychelles', 'Africa', 'Eastern Africa', '455.00', 77000, '70.4', 'Sesel/Seychelles', 'Republic'),
('SYR', 'Syria', 'Asia', 'Middle East', '185180.00', 16125000, '68.5', 'Suriya', 'Republic'),
('TCA', 'Turks and Caicos Islands', 'North America', 'Caribbean', '430.00', 17000, '73.3', 'The Turks and Caicos Islands', 'Dependent Territory of the UK'),
('TCD', 'Chad', 'Africa', 'Central Africa', '1284000.00', 7651000, '50.5', 'Tchad/Tshad', 'Republic'),
('TGO', 'Togo', 'Africa', 'Western Africa', '56785.00', 4629000, '54.7', 'Togo', 'Republic'),
('THA', 'Thailand', 'Asia', 'Southeast Asia', '513115.00', 61399000, '68.6', 'Prathet Thai', 'Constitutional Monarchy'),
('TJK', 'Tajikistan', 'Asia', 'Southern and Central Asia', '143100.00', 6188000, '64.1', 'Toçikiston', 'Republic'),
('TKL', 'Tokelau', 'Oceania', 'Polynesia', '12.00', 2000, NULL, 'Tokelau', 'Nonmetropolitan Territory of New Zealand'),
('TKM', 'Turkmenistan', 'Asia', 'Southern and Central Asia', '488100.00', 4459000, '60.9', 'Türkmenostan', 'Republic'),
('TMP', 'East Timor', 'Asia', 'Southeast Asia', '14874.00', 885000, '46.0', 'Timor Timur', 'Administrated by the UN'),
('TON', 'Tonga', 'Oceania', 'Polynesia', '650.00', 99000, '67.9', 'Tonga', 'Monarchy'),
('TTO', 'Trinidad and Tobago', 'North America', 'Caribbean', '5130.00', 1295000, '68.0', 'Trinidad and Tobago', 'Republic'),
('TUN', 'Tunisia', 'Africa', 'Northern Africa', '163610.00', 9586000, '73.7', 'Tunis/Tunisie', 'Republic'),
('TUR', 'Turkey', 'Asia', 'Middle East', '774815.00', 66591000, '71.0', 'Türkiye', 'Republic'),
('TUV', 'Tuvalu', 'Oceania', 'Polynesia', '26.00', 12000, '66.3', 'Tuvalu', 'Constitutional Monarchy'),
('TWN', 'Taiwan', 'Asia', 'Eastern Asia', '36188.00', 22256000, '76.4', 'T’ai-wan', 'Republic'),
('TZA', 'Tanzania', 'Africa', 'Eastern Africa', '883749.00', 33517000, '52.3', 'Tanzania', 'Republic'),
('UGA', 'Uganda', 'Africa', 'Eastern Africa', '241038.00', 21778000, '42.9', 'Uganda', 'Republic'),
('UKR', 'Ukraine', 'Europe', 'Eastern Europe', '603700.00', 50456000, '66.0', 'Ukrajina', 'Republic'),
('UMI', 'United States Minor Outlying Islands', 'Oceania', 'Micronesia/Caribbean', '16.00', 0, NULL, 'United States Minor Outlying Islands', 'Dependent Territory of the US'),
('URY', 'Uruguay', 'South America', 'South America', '175016.00', 3337000, '75.2', 'Uruguay', 'Republic'),
('USA', 'United States', 'North America', 'North America', '9363520.00', 278357000, '77.1', 'United States', 'Federal Republic'),
('UZB', 'Uzbekistan', 'Asia', 'Southern and Central Asia', '447400.00', 24318000, '63.7', 'Uzbekiston', 'Republic'),
('VAT', 'Holy See (Vatican City State)', 'Europe', 'Southern Europe', '0.40', 1000, NULL, 'Santa Sede/Città del Vaticano', 'Independent Church State'),
('VCT', 'Saint Vincent and the Grenadines', 'North America', 'Caribbean', '388.00', 114000, '72.3', 'Saint Vincent and the Grenadines', 'Constitutional Monarchy'),
('VEN', 'Venezuela', 'South America', 'South America', '912050.00', 24170000, '73.1', 'Venezuela', 'Federal Republic'),
('VGB', 'Virgin Islands, British', 'North America', 'Caribbean', '151.00', 21000, '75.4', 'British Virgin Islands', 'Dependent Territory of the UK'),
('VIR', 'Virgin Islands, U.S.', 'North America', 'Caribbean', '347.00', 93000, '78.1', 'Virgin Islands of the United States', 'US Territory'),
('VNM', 'Vietnam', 'Asia', 'Southeast Asia', '331689.00', 79832000, '69.3', 'Viêt Nam', 'Socialistic Republic'),
('VUT', 'Vanuatu', 'Oceania', 'Melanesia', '12189.00', 190000, '60.6', 'Vanuatu', 'Republic'),
('WLF', 'Wallis and Futuna', 'Oceania', 'Polynesia', '200.00', 15000, NULL, 'Wallis-et-Futuna', 'Nonmetropolitan Territory of France'),
('WSM', 'Samoa', 'Oceania', 'Polynesia', '2831.00', 180000, '69.2', 'Samoa', 'Parlementary Monarchy'),
('YEM', 'Yemen', 'Asia', 'Middle East', '527968.00', 18112000, '59.8', 'Al-Yaman', 'Republic'),
('YUG', 'Yugoslavia', 'Europe', 'Southern Europe', '102173.00', 10640000, '72.4', 'Jugoslavija', 'Federal Republic'),
('ZAF', 'South Africa', 'Africa', 'Southern Africa', '1221037.00', 40377000, '51.1', 'South Africa', 'Republic'),
('ZMB', 'Zambia', 'Africa', 'Eastern Africa', '752618.00', 9169000, '37.2', 'Zambia', 'Republic'),
('ZWE', 'Zimbabwe', 'Africa', 'Eastern Africa', '390757.00', 11669000, '37.8', 'Zimbabwe', 'Republic');

-- --------------------------------------------------------

--
-- Struttura della tabella `country_language`
--

CREATE TABLE `country_language` (
  `country_code` char(3) NOT NULL DEFAULT '',
  `language_id` smallint(5) UNSIGNED NOT NULL,
  `is_official` enum('T','F') NOT NULL DEFAULT 'F',
  `percentage` decimal(4,1) NOT NULL DEFAULT '0.0'
) ENGINE=InnoDB DEFAULT CHARSET=utf8mb4;

--
-- Dump dei dati per la tabella `country_language`
--

INSERT INTO `country_language` (`country_code`, `language_id`, `is_official`, `percentage`) VALUES
('ABW', 105, 'T', '5.3'),
('ABW', 110, 'F', '9.5'),
('ABW', 329, 'F', '76.7'),
('ABW', 389, 'F', '7.4'),
('AFG', 31, 'F', '0.9'),
('AFG', 96, 'T', '32.1'),
('AFG', 331, 'T', '52.4'),
('AFG', 429, 'F', '1.9'),
('AFG', 436, 'F', '8.8'),
('AGO', 11, 'F', '2.4'),
('AGO', 79, 'F', '4.2'),
('AGO', 203, 'F', '13.2'),
('AGO', 226, 'F', '2.4'),
('AGO', 230, 'F', '5.4'),
('AGO', 233, 'F', '3.6'),
('AGO', 273, 'F', '21.6'),
('AGO', 315, 'F', '5.4'),
('AGO', 324, 'F', '37.2'),
('AIA', 110, 'T', '0.0'),
('ALB', 10, 'T', '97.9'),
('ALB', 143, 'F', '1.8'),
('ALB', 235, 'F', '0.1'),
('AND', 66, 'T', '32.3'),
('AND', 119, 'F', '6.2'),
('AND', 339, 'F', '10.8'),
('AND', 389, 'F', '44.6'),
('ANT', 105, 'T', '0.0'),
('ANT', 110, 'F', '7.8'),
('ANT', 329, 'T', '86.2'),
('ARE', 15, 'T', '42.0'),
('ARE', 164, 'F', '0.0'),
('ARG', 174, 'F', '0.3'),
('ARG', 176, 'F', '1.7'),
('ARG', 389, 'T', '96.8'),
('ARM', 20, 'T', '93.4'),
('ARM', 25, 'F', '2.6'),
('ASM', 110, 'T', '3.1'),
('ASM', 356, 'T', '90.6'),
('ASM', 418, 'F', '3.1'),
('ATG', 88, 'F', '95.7'),
('ATG', 110, 'T', '0.0'),
('AUS', 15, 'F', '1.0'),
('AUS', 62, 'F', '1.1'),
('AUS', 110, 'T', '81.2'),
('AUS', 135, 'F', '0.6'),
('AUS', 143, 'F', '1.6'),
('AUS', 176, 'F', '2.2'),
('AUS', 366, 'F', '0.6'),
('AUS', 438, 'F', '0.8'),
('AUT', 92, 'F', '0.2'),
('AUT', 135, 'T', '92.0'),
('AUT', 167, 'F', '0.4'),
('AUT', 337, 'F', '0.2'),
('AUT', 348, 'F', '0.2'),
('AUT', 366, 'F', '2.2'),
('AUT', 378, 'F', '0.4'),
('AUT', 428, 'F', '1.5'),
('AZE', 20, 'F', '2.0'),
('AZE', 25, 'T', '89.0'),
('AZE', 218, 'F', '2.3'),
('AZE', 352, 'F', '3.0'),
('BDI', 119, 'T', '0.0'),
('BDI', 201, 'T', '98.1'),
('BDI', 394, 'F', '0.0'),
('BEL', 15, 'F', '1.6'),
('BEL', 105, 'T', '59.2'),
('BEL', 119, 'T', '32.6'),
('BEL', 135, 'T', '1.0'),
('BEL', 176, 'F', '2.4'),
('BEL', 428, 'F', '0.9'),
('BEN', 3, 'F', '11.1'),
('BEN', 8, 'F', '8.7'),
('BEN', 37, 'F', '8.7'),
('BEN', 118, 'F', '39.8'),
('BEN', 123, 'F', '5.6'),
('BEN', 179, 'F', '12.2'),
('BEN', 381, 'F', '6.7'),
('BFA', 60, 'F', '3.5'),
('BFA', 94, 'F', '3.1'),
('BFA', 106, 'F', '2.6'),
('BFA', 123, 'F', '9.7'),
('BFA', 150, 'F', '5.7'),
('BFA', 291, 'F', '50.2'),
('BGD', 45, 'T', '97.7'),
('BGD', 69, 'F', '0.4'),
('BGD', 132, 'F', '0.1'),
('BGD', 194, 'F', '0.1'),
('BGD', 263, 'F', '0.2'),
('BGD', 360, 'F', '0.1'),
('BGD', 419, 'F', '0.1'),
('BGR', 55, 'T', '83.2'),
('BGR', 235, 'F', '2.6'),
('BGR', 347, 'F', '3.7'),
('BGR', 428, 'F', '9.4'),
('BHR', 15, 'T', '67.7'),
('BHR', 110, 'F', '0.0'),
('BHS', 88, 'F', '89.7'),
('BHS', 89, 'F', '10.3'),
('BIH', 366, 'T', '99.2'),
('BLR', 43, 'T', '65.6'),
('BLR', 337, 'F', '0.6'),
('BLR', 352, 'T', '32.0'),
('BLR', 433, 'F', '1.3'),
('BLZ', 110, 'T', '50.8'),
('BLZ', 131, 'F', '6.8'),
('BLZ', 267, 'F', '9.6'),
('BLZ', 389, 'F', '31.6'),
('BMU', 110, 'T', '100.0'),
('BOL', 6, 'T', '3.2'),
('BOL', 145, 'F', '0.1'),
('BOL', 193, 'T', '8.1'),
('BOL', 389, 'T', '87.7'),
('BRA', 135, 'F', '0.5'),
('BRA', 174, 'F', '0.2'),
('BRA', 176, 'F', '0.4'),
('BRA', 177, 'F', '0.4'),
('BRA', 339, 'T', '97.5'),
('BRB', 27, 'F', '95.1'),
('BRB', 110, 'T', '0.0'),
('BRN', 77, 'F', '9.3'),
('BRN', 110, 'F', '3.1'),
('BRN', 245, 'T', '45.5'),
('BRN', 246, 'F', '28.8'),
('BTN', 21, 'F', '15.2'),
('BTN', 107, 'T', '50.0'),
('BTN', 300, 'F', '34.8'),
('BWA', 196, 'F', '2.5'),
('BWA', 299, 'F', '1.3'),
('BWA', 358, 'F', '3.5'),
('BWA', 371, 'F', '12.3'),
('BWA', 424, 'F', '75.5'),
('CAF', 34, 'F', '23.5'),
('CAF', 133, 'F', '23.8'),
('CAF', 254, 'F', '14.8'),
('CAF', 272, 'F', '6.4'),
('CAF', 303, 'F', '7.5'),
('CAF', 361, 'F', '6.4'),
('CAN', 77, 'F', '2.5'),
('CAN', 105, 'F', '0.5'),
('CAN', 110, 'T', '60.4'),
('CAN', 111, 'F', '0.1'),
('CAN', 119, 'T', '23.4'),
('CAN', 135, 'F', '1.6'),
('CAN', 176, 'F', '1.7'),
('CAN', 337, 'F', '0.7'),
('CAN', 339, 'F', '0.7'),
('CAN', 340, 'F', '0.7'),
('CAN', 389, 'F', '0.7'),
('CAN', 433, 'F', '0.6'),
('CCK', 110, 'T', '0.0'),
('CCK', 245, 'F', '0.0'),
('CHE', 119, 'T', '19.2'),
('CHE', 135, 'T', '63.6'),
('CHE', 176, 'T', '7.7'),
('CHE', 349, 'T', '0.6'),
('CHL', 6, 'F', '0.5'),
('CHL', 18, 'F', '9.6'),
('CHL', 346, 'F', '0.2'),
('CHL', 389, 'T', '89.7'),
('CHN', 77, 'T', '92.0'),
('CHN', 101, 'F', '0.2'),
('CHN', 166, 'F', '0.8'),
('CHN', 257, 'F', '0.9'),
('CHN', 276, 'F', '0.7'),
('CHN', 287, 'F', '0.4'),
('CHN', 343, 'F', '0.2'),
('CHN', 412, 'F', '0.4'),
('CHN', 425, 'F', '0.5'),
('CHN', 432, 'F', '0.6'),
('CHN', 450, 'F', '0.6'),
('CHN', 455, 'F', '1.4'),
('CIV', 9, 'F', '30.0'),
('CIV', 148, 'F', '11.7'),
('CIV', 209, 'F', '10.5'),
('CIV', 248, 'F', '11.4'),
('CIV', 457, 'F', '7.7'),
('CMR', 33, 'F', '18.6'),
('CMR', 103, 'F', '10.9'),
('CMR', 114, 'F', '19.7'),
('CMR', 123, 'F', '9.6'),
('CMR', 240, 'F', '4.9'),
('CMR', 252, 'F', '5.7'),
('CMR', 266, 'F', '3.9'),
('CMR', 415, 'F', '7.4'),
('COD', 51, 'F', '2.3'),
('COD', 79, 'F', '1.8'),
('COD', 203, 'F', '16.0'),
('COD', 225, 'F', '18.0'),
('COD', 286, 'F', '13.5'),
('COD', 302, 'F', '5.8'),
('COD', 351, 'F', '3.8'),
('COD', 353, 'F', '10.3'),
('COD', 405, 'F', '2.7'),
('COD', 452, 'F', '6.1'),
('COG', 203, 'F', '51.5'),
('COG', 270, 'F', '4.8'),
('COG', 271, 'F', '11.4'),
('COG', 341, 'F', '2.9'),
('COG', 359, 'F', '2.6'),
('COG', 405, 'F', '17.3'),
('COK', 110, 'F', '0.0'),
('COK', 258, 'T', '0.0'),
('COL', 19, 'F', '0.1'),
('COL', 64, 'F', '0.1'),
('COL', 73, 'F', '0.4'),
('COL', 88, 'F', '0.1'),
('COL', 389, 'T', '99.0'),
('COM', 83, 'T', '75.0'),
('COM', 84, 'F', '1.6'),
('COM', 85, 'F', '12.9'),
('COM', 86, 'F', '5.5'),
('COM', 87, 'F', '0.5'),
('CPV', 90, 'F', '100.0'),
('CPV', 339, 'T', '0.0'),
('CRI', 73, 'F', '0.3'),
('CRI', 77, 'F', '0.2'),
('CRI', 88, 'F', '2.0'),
('CRI', 389, 'T', '97.5'),
('CUB', 389, 'T', '100.0'),
('CXR', 77, 'F', '0.0'),
('CXR', 110, 'T', '0.0'),
('CYM', 110, 'T', '0.0'),
('CYP', 143, 'T', '74.1'),
('CYP', 428, 'T', '22.4'),
('CZE', 92, 'T', '81.2'),
('CZE', 135, 'F', '0.5'),
('CZE', 167, 'F', '0.2'),
('CZE', 288, 'F', '12.9'),
('CZE', 337, 'F', '0.6'),
('CZE', 347, 'F', '0.3'),
('CZE', 373, 'F', '0.4'),
('CZE', 377, 'F', '3.1'),
('DEU', 135, 'T', '91.3'),
('DEU', 143, 'F', '0.4'),
('DEU', 176, 'F', '0.7'),
('DEU', 337, 'F', '0.3'),
('DEU', 387, 'F', '1.4'),
('DEU', 428, 'F', '2.6'),
('DJI', 4, 'F', '34.8'),
('DJI', 15, 'T', '10.6'),
('DJI', 380, 'F', '43.9'),
('DMA', 88, 'F', '100.0'),
('DMA', 89, 'F', '0.0'),
('DNK', 15, 'F', '0.7'),
('DNK', 95, 'T', '93.5'),
('DNK', 110, 'F', '0.3'),
('DNK', 135, 'F', '0.5'),
('DNK', 308, 'F', '0.3'),
('DNK', 396, 'F', '0.3'),
('DNK', 428, 'F', '0.8'),
('DOM', 89, 'F', '2.0'),
('DOM', 389, 'T', '98.0'),
('DZA', 15, 'T', '86.0'),
('DZA', 46, 'F', '14.0'),
('ECU', 193, 'F', '7.0'),
('ECU', 389, 'T', '93.0'),
('EGY', 15, 'T', '98.8'),
('EGY', 374, 'F', '0.0'),
('ERI', 4, 'F', '4.3'),
('ERI', 49, 'F', '3.0'),
('ERI', 153, 'F', '3.8'),
('ERI', 355, 'F', '3.0'),
('ERI', 413, 'F', '31.7'),
('ERI', 414, 'T', '49.1'),
('ESH', 15, 'T', '100.0'),
('ESP', 39, 'F', '1.6'),
('ESP', 66, 'F', '16.9'),
('ESP', 129, 'F', '6.4'),
('ESP', 389, 'T', '74.4'),
('EST', 43, 'F', '1.4'),
('EST', 112, 'T', '65.3'),
('EST', 117, 'F', '0.7'),
('EST', 352, 'F', '27.8'),
('EST', 433, 'F', '2.8'),
('ETH', 12, 'F', '30.0'),
('ETH', 149, 'F', '4.7'),
('ETH', 319, 'F', '31.0'),
('ETH', 372, 'F', '3.2'),
('ETH', 380, 'F', '4.1'),
('ETH', 414, 'F', '7.2'),
('ETH', 439, 'F', '2.8'),
('FIN', 112, 'F', '0.2'),
('FIN', 117, 'T', '92.7'),
('FIN', 352, 'F', '0.4'),
('FIN', 354, 'F', '0.0'),
('FIN', 396, 'T', '5.7'),
('FJI', 116, 'T', '50.8'),
('FJI', 164, 'F', '43.7'),
('FLK', 110, 'T', '0.0'),
('FRA', 15, 'F', '2.5'),
('FRA', 119, 'T', '93.6'),
('FRA', 176, 'F', '0.4'),
('FRA', 339, 'F', '1.2'),
('FRA', 389, 'F', '0.4'),
('FRA', 428, 'F', '0.4'),
('FRO', 95, 'T', '0.0'),
('FRO', 115, 'T', '100.0'),
('FSM', 206, 'F', '7.3'),
('FSM', 290, 'F', '7.6'),
('FSM', 336, 'F', '23.8'),
('FSM', 420, 'F', '41.6'),
('FSM', 444, 'F', '3.7'),
('FSM', 449, 'F', '5.8'),
('GAB', 114, 'F', '35.8'),
('GAB', 270, 'F', '13.8'),
('GAB', 292, 'F', '14.6'),
('GAB', 342, 'F', '17.1'),
('GBR', 110, 'T', '97.3'),
('GBR', 127, 'F', '0.1'),
('GBR', 213, 'F', '0.9'),
('GEO', 1, 'F', '1.7'),
('GEO', 20, 'F', '6.8'),
('GEO', 25, 'F', '5.5'),
('GEO', 134, 'T', '71.7'),
('GEO', 320, 'F', '2.4'),
('GEO', 352, 'F', '8.8'),
('GHA', 9, 'F', '52.4'),
('GHA', 113, 'F', '11.9'),
('GHA', 126, 'F', '7.8'),
('GHA', 150, 'F', '3.3'),
('GHA', 179, 'F', '1.3'),
('GHA', 291, 'F', '15.8'),
('GIB', 15, 'F', '7.4'),
('GIB', 110, 'T', '88.9'),
('GIN', 123, 'F', '38.6'),
('GIN', 202, 'F', '6.0'),
('GIN', 208, 'F', '4.6'),
('GIN', 221, 'F', '2.3'),
('GIN', 248, 'F', '23.2'),
('GIN', 393, 'F', '11.0'),
('GIN', 447, 'F', '2.9'),
('GLP', 89, 'F', '95.0'),
('GLP', 119, 'T', '0.0'),
('GMB', 100, 'F', '9.2'),
('GMB', 123, 'F', '16.2'),
('GMB', 248, 'F', '34.1'),
('GMB', 384, 'F', '7.6'),
('GMB', 445, 'F', '12.6'),
('GNB', 29, 'F', '14.6'),
('GNB', 90, 'F', '36.4'),
('GNB', 123, 'F', '16.6'),
('GNB', 248, 'F', '6.9'),
('GNB', 255, 'F', '4.9'),
('GNB', 339, 'T', '8.1'),
('GNQ', 53, 'F', '8.7'),
('GNQ', 114, 'F', '84.8'),
('GRC', 143, 'T', '98.5'),
('GRC', 428, 'F', '0.9'),
('GRD', 88, 'F', '100.0'),
('GRL', 95, 'T', '12.5'),
('GRL', 144, 'T', '87.5'),
('GTM', 61, 'F', '8.9'),
('GTM', 192, 'F', '4.9'),
('GTM', 250, 'F', '2.7'),
('GTM', 344, 'F', '10.1'),
('GTM', 389, 'T', '64.7'),
('GUF', 89, 'F', '94.3'),
('GUF', 174, 'F', '1.9'),
('GUM', 70, 'T', '29.6'),
('GUM', 110, 'T', '37.5'),
('GUM', 177, 'F', '2.0'),
('GUM', 205, 'F', '3.3'),
('GUM', 333, 'F', '19.7'),
('GUY', 19, 'F', '1.4'),
('GUY', 64, 'F', '2.2'),
('GUY', 88, 'F', '96.4'),
('HKG', 62, 'F', '88.7'),
('HKG', 78, 'F', '1.4'),
('HKG', 110, 'T', '2.2'),
('HKG', 122, 'F', '1.9'),
('HKG', 156, 'F', '1.6'),
('HND', 88, 'F', '0.2'),
('HND', 131, 'F', '1.3'),
('HND', 279, 'F', '0.2'),
('HND', 389, 'T', '97.2'),
('HRV', 366, 'T', '95.9'),
('HRV', 378, 'F', '0.0'),
('HTI', 119, 'T', '0.0'),
('HTI', 155, 'F', '100.0'),
('HUN', 135, 'F', '0.4'),
('HUN', 167, 'T', '98.5'),
('HUN', 347, 'F', '0.5'),
('HUN', 348, 'F', '0.1'),
('HUN', 366, 'F', '0.2'),
('HUN', 377, 'F', '0.1'),
('IDN', 30, 'F', '1.7'),
('IDN', 35, 'F', '1.8'),
('IDN', 41, 'F', '2.2'),
('IDN', 54, 'F', '2.2'),
('IDN', 178, 'F', '39.4'),
('IDN', 236, 'F', '4.3'),
('IDN', 245, 'T', '12.1'),
('IDN', 278, 'F', '2.4'),
('IDN', 392, 'F', '15.8'),
('IND', 21, 'F', '1.5'),
('IND', 45, 'F', '8.2'),
('IND', 147, 'F', '4.8'),
('IND', 164, 'T', '39.9'),
('IND', 185, 'F', '3.9'),
('IND', 244, 'F', '3.6'),
('IND', 260, 'F', '7.4'),
('IND', 318, 'F', '3.3'),
('IND', 340, 'F', '2.8'),
('IND', 402, 'F', '6.3'),
('IND', 406, 'F', '7.8'),
('IND', 435, 'F', '5.1'),
('IRL', 110, 'T', '98.4'),
('IRL', 175, 'T', '1.6'),
('IRN', 15, 'F', '2.2'),
('IRN', 25, 'F', '16.8'),
('IRN', 28, 'F', '1.7'),
('IRN', 31, 'F', '2.3'),
('IRN', 136, 'F', '5.3'),
('IRN', 211, 'F', '9.1'),
('IRN', 232, 'F', '4.3'),
('IRN', 269, 'F', '3.6'),
('IRN', 332, 'T', '45.7'),
('IRN', 429, 'F', '1.6'),
('IRQ', 15, 'T', '77.2'),
('IRQ', 22, 'F', '0.8'),
('IRQ', 25, 'F', '1.7'),
('IRQ', 211, 'F', '19.0'),
('IRQ', 332, 'F', '0.8'),
('ISL', 110, 'F', '0.0'),
('ISL', 171, 'T', '95.7'),
('ISR', 15, 'T', '18.0'),
('ISR', 160, 'T', '63.1'),
('ISR', 352, 'F', '8.9'),
('ITA', 10, 'F', '0.2'),
('ITA', 119, 'F', '0.5'),
('ITA', 121, 'F', '1.2'),
('ITA', 135, 'F', '0.5'),
('ITA', 176, 'T', '94.1'),
('ITA', 347, 'F', '0.2'),
('ITA', 363, 'F', '2.7'),
('ITA', 378, 'F', '0.2'),
('JAM', 88, 'F', '94.2'),
('JAM', 164, 'F', '1.9'),
('JOR', 15, 'T', '97.9'),
('JOR', 20, 'F', '1.0'),
('JOR', 82, 'F', '1.0'),
('JPN', 7, 'F', '0.0'),
('JPN', 77, 'F', '0.2'),
('JPN', 110, 'F', '0.1'),
('JPN', 177, 'T', '99.1'),
('JPN', 205, 'F', '0.5'),
('JPN', 333, 'F', '0.1'),
('KAZ', 135, 'F', '3.1'),
('KAZ', 191, 'T', '46.0'),
('KAZ', 352, 'F', '34.7'),
('KAZ', 404, 'F', '2.0'),
('KAZ', 433, 'F', '5.0'),
('KAZ', 436, 'F', '2.3'),
('KEN', 151, 'F', '6.1'),
('KEN', 182, 'F', '10.8'),
('KEN', 183, 'F', '11.2'),
('KEN', 198, 'F', '20.9'),
('KEN', 229, 'F', '13.8'),
('KEN', 231, 'F', '12.8'),
('KEN', 265, 'F', '1.6'),
('KEN', 275, 'F', '5.5'),
('KEN', 317, 'F', '4.8'),
('KEN', 427, 'F', '1.4'),
('KGZ', 191, 'F', '0.8'),
('KGZ', 199, 'T', '59.7'),
('KGZ', 352, 'T', '16.2'),
('KGZ', 397, 'F', '0.8'),
('KGZ', 404, 'F', '1.3'),
('KGZ', 433, 'F', '1.7'),
('KGZ', 436, 'F', '14.1'),
('KHM', 77, 'F', '3.1'),
('KHM', 195, 'T', '88.6'),
('KHM', 421, 'F', '2.4'),
('KHM', 438, 'F', '5.5'),
('KIR', 200, 'T', '98.9'),
('KIR', 430, 'F', '0.5'),
('KNA', 88, 'F', '100.0'),
('KNA', 110, 'T', '0.0'),
('KOR', 77, 'F', '0.1'),
('KOR', 205, 'T', '99.9'),
('KWT', 15, 'T', '78.1'),
('KWT', 110, 'F', '0.0'),
('LAO', 215, 'T', '67.2'),
('LAO', 216, 'F', '5.2'),
('LAO', 284, 'F', '16.5'),
('LAO', 409, 'F', '7.8'),
('LBN', 15, 'T', '93.0'),
('LBN', 20, 'F', '5.9'),
('LBN', 119, 'F', '0.0'),
('LBR', 40, 'F', '13.7'),
('LBR', 137, 'F', '7.9'),
('LBR', 142, 'F', '8.9'),
('LBR', 208, 'F', '19.5'),
('LBR', 209, 'F', '7.2'),
('LBR', 221, 'F', '5.8'),
('LBR', 248, 'F', '5.1'),
('LBR', 256, 'F', '7.2'),
('LBY', 15, 'T', '96.0'),
('LBY', 46, 'F', '1.0'),
('LCA', 89, 'F', '80.0'),
('LCA', 110, 'T', '20.0'),
('LIE', 135, 'T', '89.0'),
('LIE', 176, 'F', '2.5'),
('LIE', 428, 'F', '2.5'),
('LKA', 280, 'F', '19.6'),
('LKA', 376, 'T', '60.3'),
('LKA', 402, 'T', '19.6'),
('LSO', 110, 'T', '0.0'),
('LSO', 386, 'T', '85.0'),
('LSO', 456, 'F', '15.0'),
('LTU', 43, 'F', '1.4'),
('LTU', 220, 'T', '81.6'),
('LTU', 337, 'F', '7.0'),
('LTU', 352, 'F', '8.1'),
('LTU', 433, 'F', '1.1'),
('LUX', 119, 'T', '4.2'),
('LUX', 135, 'T', '2.3'),
('LUX', 176, 'F', '4.6'),
('LUX', 234, 'T', '64.4'),
('LUX', 339, 'F', '13.0'),
('LVA', 43, 'F', '4.1'),
('LVA', 217, 'T', '55.1'),
('LVA', 220, 'F', '1.2'),
('LVA', 337, 'F', '2.1'),
('LVA', 352, 'F', '32.5'),
('LVA', 433, 'F', '2.9'),
('MAC', 62, 'F', '85.6'),
('MAC', 110, 'F', '0.5'),
('MAC', 253, 'F', '1.2'),
('MAC', 339, 'T', '2.3'),
('MAR', 15, 'T', '65.0'),
('MAR', 46, 'F', '33.0'),
('MCO', 110, 'F', '6.5'),
('MCO', 119, 'T', '41.9'),
('MCO', 176, 'F', '16.1'),
('MCO', 285, 'F', '16.1'),
('MDA', 55, 'F', '1.6'),
('MDA', 128, 'F', '3.2'),
('MDA', 348, 'T', '61.9'),
('MDA', 352, 'F', '23.2'),
('MDA', 433, 'F', '8.6'),
('MDG', 119, 'T', '0.0'),
('MDG', 243, 'T', '98.9'),
('MDV', 98, 'T', '100.0'),
('MDV', 110, 'F', '0.0'),
('MEX', 281, 'F', '0.6'),
('MEX', 295, 'F', '1.8'),
('MEX', 321, 'F', '0.4'),
('MEX', 389, 'T', '92.1'),
('MEX', 451, 'F', '1.1'),
('MEX', 453, 'F', '0.6'),
('MHL', 110, 'T', '0.0'),
('MHL', 264, 'T', '96.8'),
('MKD', 10, 'F', '22.9'),
('MKD', 235, 'T', '66.5'),
('MKD', 347, 'F', '2.3'),
('MKD', 366, 'F', '2.0'),
('MKD', 428, 'F', '4.0'),
('MLI', 32, 'F', '31.8'),
('MLI', 123, 'F', '13.9'),
('MLI', 365, 'F', '12.0'),
('MLI', 382, 'F', '6.9'),
('MLI', 384, 'F', '8.7'),
('MLI', 401, 'F', '7.3'),
('MLT', 110, 'T', '2.1'),
('MLT', 249, 'T', '95.8'),
('MMR', 58, 'T', '69.0'),
('MMR', 76, 'F', '2.2'),
('MMR', 181, 'F', '1.4'),
('MMR', 188, 'F', '6.2'),
('MMR', 190, 'F', '0.4'),
('MMR', 283, 'F', '2.4'),
('MMR', 345, 'F', '4.5'),
('MMR', 370, 'F', '8.5'),
('MNG', 26, 'F', '1.9'),
('MNG', 59, 'F', '1.7'),
('MNG', 97, 'F', '1.4'),
('MNG', 102, 'F', '2.7'),
('MNG', 191, 'F', '5.9'),
('MNG', 287, 'T', '78.8'),
('MNP', 65, 'F', '4.8'),
('MNP', 70, 'F', '30.0'),
('MNP', 77, 'F', '7.1'),
('MNP', 110, 'T', '4.8'),
('MNP', 205, 'F', '6.5'),
('MNP', 333, 'F', '34.1'),
('MOZ', 80, 'F', '5.7'),
('MOZ', 222, 'F', '7.8'),
('MOZ', 242, 'F', '27.8'),
('MOZ', 261, 'F', '3.5'),
('MOZ', 316, 'F', '3.3'),
('MOZ', 350, 'F', '3.7'),
('MOZ', 364, 'F', '9.4'),
('MOZ', 371, 'F', '6.5'),
('MOZ', 422, 'F', '12.4'),
('MOZ', 423, 'F', '6.0'),
('MRT', 123, 'F', '1.2'),
('MRT', 157, 'F', '81.7'),
('MRT', 384, 'F', '2.7'),
('MRT', 426, 'F', '5.4'),
('MRT', 445, 'F', '6.6'),
('MRT', 454, 'F', '1.2'),
('MSR', 110, 'T', '0.0'),
('MTQ', 89, 'F', '96.6'),
('MTQ', 119, 'T', '0.0'),
('MUS', 47, 'F', '21.1'),
('MUS', 89, 'F', '70.6'),
('MUS', 119, 'F', '3.4'),
('MUS', 164, 'F', '1.2'),
('MUS', 260, 'F', '0.7'),
('MUS', 402, 'F', '0.8'),
('MWI', 74, 'T', '58.3'),
('MWI', 222, 'F', '18.4'),
('MWI', 304, 'F', '6.7'),
('MWI', 448, 'F', '13.2'),
('MYS', 77, 'F', '9.0'),
('MYS', 104, 'F', '1.1'),
('MYS', 110, 'F', '1.6'),
('MYS', 168, 'F', '2.8'),
('MYS', 245, 'T', '58.4'),
('MYS', 402, 'F', '3.9'),
('MYT', 119, 'T', '20.3'),
('MYT', 238, 'F', '41.9'),
('MYT', 243, 'F', '16.1'),
('NAM', 5, 'F', '9.5'),
('NAM', 63, 'F', '4.7'),
('NAM', 135, 'F', '0.9'),
('NAM', 162, 'F', '8.0'),
('NAM', 189, 'F', '9.7'),
('NAM', 296, 'F', '12.4'),
('NAM', 323, 'F', '50.7'),
('NAM', 358, 'F', '1.9'),
('NCL', 119, 'T', '34.3'),
('NCL', 247, 'F', '45.4'),
('NCL', 338, 'F', '11.6'),
('NER', 123, 'F', '9.7'),
('NER', 158, 'F', '53.1'),
('NER', 186, 'F', '4.4'),
('NER', 383, 'F', '21.2'),
('NER', 401, 'F', '10.4'),
('NFK', 110, 'T', '0.0'),
('NGA', 57, 'F', '1.6'),
('NGA', 108, 'F', '3.3'),
('NGA', 123, 'F', '11.3'),
('NGA', 158, 'F', '21.1'),
('NGA', 169, 'F', '5.6'),
('NGA', 170, 'F', '18.1'),
('NGA', 172, 'F', '1.8'),
('NGA', 179, 'F', '21.4'),
('NGA', 186, 'F', '4.1'),
('NGA', 416, 'F', '2.3'),
('NIC', 88, 'F', '0.5'),
('NIC', 279, 'F', '1.6'),
('NIC', 389, 'T', '97.6'),
('NIC', 391, 'F', '0.2'),
('NIU', 110, 'T', '0.0'),
('NIU', 305, 'F', '0.0'),
('NLD', 15, 'F', '0.9'),
('NLD', 105, 'T', '95.6'),
('NLD', 120, 'F', '3.7'),
('NLD', 428, 'F', '0.8'),
('NOR', 95, 'F', '0.4'),
('NOR', 110, 'F', '0.5'),
('NOR', 308, 'T', '96.6'),
('NOR', 354, 'F', '0.0'),
('NOR', 396, 'F', '0.3'),
('NPL', 47, 'F', '7.5'),
('NPL', 164, 'F', '3.0'),
('NPL', 239, 'F', '11.9'),
('NPL', 300, 'T', '50.4'),
('NPL', 301, 'F', '3.7'),
('NPL', 400, 'F', '4.9'),
('NPL', 410, 'F', '5.4'),
('NRU', 77, 'F', '8.5'),
('NRU', 110, 'T', '7.5'),
('NRU', 200, 'F', '17.9'),
('NRU', 298, 'T', '57.5'),
('NRU', 430, 'F', '8.5'),
('NZL', 110, 'T', '87.0'),
('NZL', 258, 'F', '4.3'),
('OMN', 15, 'T', '76.7'),
('OMN', 31, 'F', '0.0'),
('PAK', 31, 'F', '3.0'),
('PAK', 52, 'F', '1.2'),
('PAK', 165, 'F', '2.4'),
('PAK', 331, 'F', '13.1'),
('PAK', 340, 'F', '48.2'),
('PAK', 362, 'F', '9.8'),
('PAK', 375, 'F', '11.8'),
('PAK', 435, 'T', '7.6'),
('PAN', 15, 'F', '0.6'),
('PAN', 88, 'F', '14.0'),
('PAN', 91, 'F', '2.0'),
('PAN', 109, 'F', '0.6'),
('PAN', 146, 'F', '5.3'),
('PAN', 389, 'T', '76.8'),
('PCN', 335, 'F', '0.0'),
('PER', 6, 'T', '2.3'),
('PER', 193, 'T', '16.4'),
('PER', 389, 'T', '79.8'),
('PHL', 48, 'F', '5.7'),
('PHL', 67, 'F', '23.3'),
('PHL', 163, 'F', '9.1'),
('PHL', 173, 'F', '9.3'),
('PHL', 237, 'F', '1.4'),
('PHL', 259, 'F', '1.3'),
('PHL', 327, 'F', '3.0'),
('PHL', 328, 'F', '1.8'),
('PHL', 334, 'T', '29.3'),
('PHL', 441, 'F', '3.8'),
('PLW', 77, 'F', '1.6'),
('PLW', 110, 'T', '3.2'),
('PLW', 326, 'T', '82.2'),
('PLW', 333, 'F', '9.2'),
('PNG', 247, 'F', '20.0'),
('PNG', 330, 'F', '78.1'),
('POL', 43, 'F', '0.5'),
('POL', 135, 'F', '1.3'),
('POL', 337, 'T', '97.6'),
('POL', 433, 'F', '0.6'),
('PRI', 110, 'F', '47.4'),
('PRI', 389, 'T', '51.3'),
('PRK', 77, 'F', '0.1'),
('PRK', 205, 'T', '99.9'),
('PRT', 339, 'T', '99.0'),
('PRY', 135, 'F', '0.9'),
('PRY', 145, 'T', '40.1'),
('PRY', 339, 'F', '3.2'),
('PRY', 389, 'T', '55.1'),
('PSE', 15, 'F', '95.9'),
('PSE', 160, 'F', '4.1'),
('PYF', 77, 'F', '2.9'),
('PYF', 119, 'T', '40.8'),
('PYF', 399, 'F', '46.4'),
('QAT', 15, 'T', '40.7'),
('QAT', 435, 'F', '0.0'),
('REU', 77, 'F', '2.8'),
('REU', 83, 'F', '2.8'),
('REU', 89, 'F', '91.5'),
('REU', 243, 'F', '1.4'),
('REU', 402, 'F', '0.0'),
('ROM', 135, 'F', '0.4'),
('ROM', 167, 'F', '7.2'),
('ROM', 347, 'T', '0.7'),
('ROM', 348, 'T', '90.7'),
('ROM', 366, 'F', '0.1'),
('ROM', 433, 'F', '0.3'),
('RUS', 24, 'F', '0.4'),
('RUS', 38, 'F', '0.7'),
('RUS', 43, 'F', '0.3'),
('RUS', 71, 'F', '0.6'),
('RUS', 81, 'F', '0.9'),
('RUS', 191, 'F', '0.4'),
('RUS', 262, 'F', '0.4'),
('RUS', 289, 'F', '0.5'),
('RUS', 352, 'T', '86.6'),
('RUS', 404, 'F', '3.2'),
('RUS', 431, 'F', '0.3'),
('RUS', 433, 'F', '1.3'),
('RWA', 119, 'T', '0.0'),
('RWA', 353, 'T', '100.0'),
('SAU', 15, 'T', '95.0'),
('SDN', 15, 'T', '49.4'),
('SDN', 36, 'F', '2.5'),
('SDN', 42, 'F', '6.4'),
('SDN', 75, 'F', '1.7'),
('SDN', 99, 'F', '11.5'),
('SDN', 124, 'F', '2.1'),
('SDN', 223, 'F', '1.5'),
('SDN', 310, 'F', '8.1'),
('SDN', 311, 'F', '4.9'),
('SDN', 452, 'F', '2.7'),
('SEN', 100, 'F', '5.0'),
('SEN', 123, 'F', '21.7'),
('SEN', 248, 'F', '3.8'),
('SEN', 367, 'F', '12.5'),
('SEN', 384, 'F', '1.3'),
('SEN', 445, 'T', '48.1'),
('SGP', 77, 'T', '77.1'),
('SGP', 245, 'T', '14.1'),
('SGP', 402, 'T', '7.4'),
('SHN', 110, 'T', '0.0'),
('SJM', 308, 'T', '0.0'),
('SJM', 352, 'F', '0.0'),
('SLB', 247, 'F', '85.6'),
('SLB', 330, 'F', '8.6'),
('SLB', 338, 'F', '3.8'),
('SLE', 56, 'F', '3.8'),
('SLE', 123, 'F', '3.8'),
('SLE', 204, 'F', '5.1'),
('SLE', 210, 'F', '3.4'),
('SLE', 219, 'F', '8.3'),
('SLE', 274, 'F', '34.8'),
('SLE', 407, 'F', '31.8'),
('SLE', 447, 'F', '3.4'),
('SLV', 294, 'F', '0.0'),
('SLV', 389, 'T', '100.0'),
('SMR', 176, 'T', '100.0'),
('SOM', 15, 'T', '0.0'),
('SOM', 380, 'T', '98.3'),
('SPM', 119, 'T', '0.0'),
('STP', 90, 'F', '86.3'),
('STP', 119, 'F', '0.7'),
('SUR', 164, 'F', '0.0'),
('SUR', 390, 'F', '81.0'),
('SVK', 93, 'F', '1.1'),
('SVK', 167, 'F', '10.5'),
('SVK', 347, 'F', '1.7'),
('SVK', 377, 'T', '85.6'),
('SVK', 434, 'F', '0.6'),
('SVN', 167, 'F', '0.5'),
('SVN', 366, 'F', '7.9'),
('SVN', 378, 'T', '87.9'),
('SWE', 15, 'F', '0.8'),
('SWE', 117, 'F', '2.4'),
('SWE', 308, 'F', '0.5'),
('SWE', 387, 'F', '1.3'),
('SWE', 389, 'F', '0.6'),
('SWE', 396, 'T', '89.5'),
('SWZ', 395, 'T', '89.9'),
('SWZ', 456, 'F', '2.0'),
('SYC', 110, 'T', '3.8'),
('SYC', 119, 'T', '1.3'),
('SYC', 368, 'F', '91.3'),
('SYR', 15, 'T', '90.0'),
('SYR', 211, 'F', '9.0'),
('TCA', 110, 'T', '0.0'),
('TCD', 15, 'T', '12.3'),
('TCD', 141, 'F', '6.2'),
('TCD', 154, 'F', '6.7'),
('TCD', 184, 'F', '9.0'),
('TCD', 268, 'F', '11.5'),
('TCD', 322, 'F', '8.7'),
('TCD', 361, 'F', '27.7'),
('TCD', 403, 'F', '6.5'),
('TGO', 14, 'F', '5.7'),
('TGO', 113, 'T', '23.2'),
('TGO', 150, 'F', '3.4'),
('TGO', 180, 'T', '13.8'),
('TGO', 207, 'F', '5.7'),
('TGO', 282, 'F', '5.4'),
('TGO', 297, 'F', '4.1'),
('TGO', 443, 'F', '10.3'),
('THA', 77, 'F', '12.1'),
('THA', 195, 'F', '1.3'),
('THA', 212, 'F', '1.1'),
('THA', 215, 'F', '26.9'),
('THA', 245, 'F', '3.6'),
('THA', 409, 'T', '52.6'),
('TJK', 352, 'F', '9.7'),
('TJK', 397, 'T', '62.2'),
('TJK', 436, 'F', '23.2'),
('TKL', 110, 'T', '0.0'),
('TKL', 417, 'F', '0.0'),
('TKM', 191, 'F', '2.0'),
('TKM', 352, 'F', '6.7'),
('TKM', 429, 'T', '76.7'),
('TKM', 436, 'F', '9.2'),
('TMP', 339, 'T', '0.0'),
('TMP', 392, 'F', '0.0'),
('TON', 110, 'T', '0.0'),
('TON', 418, 'T', '98.3'),
('TTO', 88, 'F', '2.9'),
('TTO', 110, 'F', '93.5'),
('TTO', 164, 'F', '3.4'),
('TUN', 15, 'T', '69.9'),
('TUN', 16, 'F', '26.3'),
('TUN', 17, 'F', '3.2'),
('TUR', 15, 'F', '1.4'),
('TUR', 211, 'F', '10.6'),
('TUR', 428, 'T', '87.6'),
('TUV', 110, 'T', '0.0'),
('TUV', 200, 'F', '7.5'),
('TUV', 430, 'T', '92.5'),
('TWN', 13, 'F', '0.6'),
('TWN', 23, 'F', '0.4'),
('TWN', 156, 'F', '11.0'),
('TWN', 253, 'T', '20.1'),
('TWN', 277, 'F', '66.7'),
('TWN', 325, 'F', '0.3'),
('TZA', 68, 'F', '4.9'),
('TZA', 140, 'F', '3.9'),
('TZA', 152, 'F', '3.5'),
('TZA', 159, 'F', '5.9'),
('TZA', 161, 'F', '6.9'),
('TZA', 228, 'F', '4.9'),
('TZA', 241, 'F', '5.9'),
('TZA', 313, 'F', '5.4'),
('TZA', 314, 'F', '21.1'),
('TZA', 369, 'F', '4.3'),
('TZA', 394, 'T', '8.8'),
('UGA', 2, 'F', '4.4'),
('UGA', 130, 'F', '18.1'),
('UGA', 138, 'F', '4.5'),
('UGA', 197, 'F', '8.3'),
('UGA', 214, 'F', '5.9'),
('UGA', 227, 'F', '4.7'),
('UGA', 306, 'F', '10.7'),
('UGA', 353, 'F', '3.2'),
('UGA', 379, 'F', '8.2'),
('UGA', 408, 'F', '6.0'),
('UKR', 43, 'F', '0.3'),
('UKR', 55, 'F', '0.3'),
('UKR', 167, 'F', '0.3'),
('UKR', 337, 'F', '0.1'),
('UKR', 348, 'F', '0.7'),
('UKR', 352, 'F', '32.9'),
('UKR', 433, 'T', '64.7'),
('UMI', 110, 'T', '0.0'),
('URY', 389, 'T', '95.7'),
('USA', 77, 'F', '0.6'),
('USA', 110, 'T', '86.2'),
('USA', 119, 'F', '0.7'),
('USA', 135, 'F', '0.7'),
('USA', 176, 'F', '0.6'),
('USA', 177, 'F', '0.2'),
('USA', 205, 'F', '0.3'),
('USA', 337, 'F', '0.3'),
('USA', 339, 'F', '0.2'),
('USA', 389, 'F', '7.5'),
('USA', 398, 'F', '0.4'),
('USA', 438, 'F', '0.2'),
('UZB', 187, 'F', '2.0'),
('UZB', 191, 'F', '3.8'),
('UZB', 352, 'F', '10.9'),
('UZB', 397, 'F', '4.4'),
('UZB', 404, 'F', '1.8'),
('UZB', 436, 'T', '72.6'),
('VAT', 176, 'T', '0.0'),
('VCT', 88, 'F', '99.1'),
('VCT', 110, 'T', '0.0'),
('VEN', 139, 'F', '0.4'),
('VEN', 389, 'T', '96.9'),
('VEN', 442, 'F', '0.1'),
('VGB', 110, 'T', '0.0'),
('VIR', 110, 'T', '81.7'),
('VIR', 119, 'F', '2.5'),
('VIR', 389, 'F', '13.3'),
('VNM', 77, 'F', '1.4'),
('VNM', 195, 'F', '1.4'),
('VNM', 251, 'F', '0.7'),
('VNM', 276, 'F', '0.9'),
('VNM', 293, 'F', '1.5'),
('VNM', 312, 'F', '1.1'),
('VNM', 409, 'F', '1.6'),
('VNM', 411, 'F', '1.8'),
('VNM', 438, 'T', '86.8'),
('VUT', 50, 'T', '56.6'),
('VUT', 110, 'T', '28.3'),
('VUT', 119, 'T', '14.2'),
('WLF', 125, 'F', '0.0'),
('WLF', 440, 'F', '0.0'),
('WSM', 110, 'T', '0.6'),
('WSM', 356, 'T', '47.5'),
('WSM', 357, 'F', '52.0'),
('YEM', 15, 'T', '99.6'),
('YEM', 385, 'F', '0.0'),
('YUG', 10, 'F', '16.5'),
('YUG', 167, 'F', '3.4'),
('YUG', 235, 'F', '0.5'),
('YUG', 347, 'F', '1.4'),
('YUG', 366, 'T', '75.2'),
('YUG', 377, 'F', '0.7'),
('ZAF', 5, 'T', '14.3'),
('ZAF', 110, 'T', '8.5'),
('ZAF', 299, 'F', '1.5'),
('ZAF', 307, 'F', '9.1'),
('ZAF', 388, 'F', '7.6'),
('ZAF', 395, 'F', '2.5'),
('ZAF', 422, 'F', '4.3'),
('ZAF', 424, 'F', '8.1'),
('ZAF', 437, 'F', '2.2'),
('ZAF', 446, 'T', '17.7'),
('ZAF', 456, 'T', '22.7'),
('ZMB', 44, 'F', '29.7'),
('ZMB', 72, 'F', '5.7'),
('ZMB', 224, 'F', '6.4'),
('ZMB', 309, 'F', '4.3'),
('ZMB', 316, 'F', '7.8'),
('ZMB', 418, 'F', '11.0'),
('ZWE', 110, 'T', '2.2'),
('ZWE', 299, 'F', '16.2'),
('ZWE', 316, 'F', '2.2'),
('ZWE', 371, 'F', '72.1');

-- --------------------------------------------------------

--
-- Struttura della tabella `languages`
--

CREATE TABLE `languages` (
  `id` smallint(5) UNSIGNED NOT NULL,
  `name` varchar(30) NOT NULL
) ENGINE=InnoDB DEFAULT CHARSET=utf8mb4;

--
-- Dump dei dati per la tabella `languages`
--

INSERT INTO `languages` (`id`, `name`) VALUES
(1, 'Abhyasi'),
(2, 'Acholi'),
(3, 'Adja'),
(4, 'Afar'),
(5, 'Afrikaans'),
(6, 'Aimará'),
(7, 'Ainu'),
(8, 'Aizo'),
(9, 'Akan'),
(10, 'Albaniana'),
(11, 'Ambo'),
(12, 'Amhara'),
(13, 'Ami'),
(14, 'Ane'),
(15, 'Arabic'),
(16, 'Arabic-French'),
(17, 'Arabic-French-English'),
(18, 'Araucan'),
(19, 'Arawakan'),
(20, 'Armenian'),
(21, 'Asami'),
(22, 'Assyrian'),
(23, 'Atayal'),
(24, 'Avarian'),
(25, 'Azerbaijani'),
(26, 'Bajad'),
(27, 'Bajan'),
(28, 'Bakhtyari'),
(29, 'Balante'),
(30, 'Bali'),
(31, 'Balochi'),
(32, 'Bambara'),
(33, 'Bamileke-bamum'),
(34, 'Banda'),
(35, 'Banja'),
(36, 'Bari'),
(37, 'Bariba'),
(38, 'Bashkir'),
(39, 'Basque'),
(40, 'Bassa'),
(41, 'Batakki'),
(42, 'Beja'),
(43, 'Belorussian'),
(44, 'Bemba'),
(45, 'Bengali'),
(46, 'Berberi'),
(47, 'Bhojpuri'),
(48, 'Bicol'),
(49, 'Bilin'),
(50, 'Bislama'),
(51, 'Boa'),
(52, 'Brahui'),
(53, 'Bubi'),
(54, 'Bugi'),
(55, 'Bulgariana'),
(56, 'Bullom-sherbro'),
(57, 'Bura'),
(58, 'Burmese'),
(59, 'Buryat'),
(60, 'Busansi'),
(61, 'Cakchiquel'),
(62, 'Canton Chinese'),
(63, 'Caprivi'),
(64, 'Caribbean'),
(65, 'Carolinian'),
(66, 'Catalan'),
(67, 'Cebuano'),
(68, 'Chaga and Pare'),
(69, 'Chakma'),
(70, 'Chamorro'),
(71, 'Chechen'),
(72, 'Chewa'),
(73, 'Chibcha'),
(74, 'Chichewa'),
(75, 'Chilluk'),
(76, 'Chin'),
(77, 'Chinese'),
(78, 'Chiu chau'),
(79, 'Chokwe'),
(80, 'Chuabo'),
(81, 'Chuvash'),
(82, 'Circassian'),
(83, 'Comorian'),
(84, 'Comorian-Arabic'),
(85, 'Comorian-French'),
(86, 'Comorian-madagassi'),
(87, 'Comorian-Swahili'),
(88, 'Creole English'),
(89, 'Creole French'),
(90, 'Crioulo'),
(91, 'Cuna'),
(92, 'Czech'),
(93, 'Czech and Moravian'),
(94, 'Dagara'),
(95, 'Danish'),
(96, 'Dari'),
(97, 'Dariganga'),
(98, 'Dhivehi'),
(99, 'Dinka'),
(100, 'Diola'),
(101, 'Dong'),
(102, 'Dorbet'),
(103, 'Duala'),
(104, 'Dusun'),
(105, 'Dutch'),
(106, 'Dyula'),
(107, 'Dzongkha'),
(108, 'Edo'),
(109, 'Embera'),
(110, 'English'),
(111, 'Eskimo Languages'),
(112, 'Estonian'),
(113, 'Ewe'),
(114, 'Fang'),
(115, 'Faroese'),
(116, 'Fijian'),
(117, 'Finnish'),
(118, 'Fon'),
(119, 'French'),
(120, 'Fries'),
(121, 'Friuli'),
(122, 'Fukien'),
(123, 'Ful'),
(124, 'Fur'),
(125, 'Futuna'),
(126, 'Ga-adangme'),
(127, 'Gaeli'),
(128, 'Gagauzi'),
(129, 'Galecian'),
(130, 'Ganda'),
(131, 'Garifuna'),
(132, 'Garo'),
(133, 'Gbaya'),
(134, 'Georgiana'),
(135, 'German'),
(136, 'Gilaki'),
(137, 'Gio'),
(138, 'Gisu'),
(139, 'Goajiro'),
(140, 'Gogo'),
(141, 'Gorane'),
(142, 'Grebo'),
(143, 'Greek'),
(144, 'Greenlandic'),
(145, 'Guaraní'),
(146, 'Guaymí'),
(147, 'Gujarati'),
(148, 'Gur'),
(149, 'Gurage'),
(150, 'Gurma'),
(151, 'Gusii'),
(152, 'Ha'),
(153, 'Hadareb'),
(154, 'Hadjarai'),
(155, 'Haiti Creole'),
(156, 'Hakka'),
(157, 'Hassaniya'),
(158, 'Hausa'),
(159, 'Haya'),
(160, 'Hebrew'),
(161, 'Hehet'),
(162, 'Herero'),
(163, 'Hiligaynon'),
(164, 'Hindi'),
(165, 'Hindko'),
(166, 'Hui'),
(167, 'Hungarian'),
(168, 'Iban'),
(169, 'Ibibio'),
(170, 'Ibo'),
(171, 'Icelandic'),
(172, 'Ijo'),
(173, 'Ilocano'),
(174, 'Indian Languages'),
(175, 'Irish'),
(176, 'Italian'),
(177, 'Japanese'),
(178, 'Javanese'),
(179, 'Joruba'),
(180, 'Kabyé'),
(181, 'Kachin'),
(182, 'Kalenjin'),
(183, 'Kamba'),
(184, 'Kanem-bornu'),
(185, 'Kannada'),
(186, 'Kanuri'),
(187, 'Karakalpak'),
(188, 'Karen'),
(189, 'Kavango'),
(190, 'Kayah'),
(191, 'Kazakh'),
(192, 'Kekchí'),
(193, 'Ketšua'),
(194, 'Khasi'),
(195, 'Khmer'),
(196, 'Khoekhoe'),
(197, 'Kiga'),
(198, 'Kikuyu'),
(199, 'Kirgiz'),
(200, 'Kiribati'),
(201, 'Kirundi'),
(202, 'Kissi'),
(203, 'Kongo'),
(204, 'Kono-vai'),
(205, 'Korean'),
(206, 'Kosrean'),
(207, 'Kotokoli'),
(208, 'Kpelle'),
(209, 'Kru'),
(210, 'Kuranko'),
(211, 'Kurdish'),
(212, 'Kuy'),
(213, 'Kymri'),
(214, 'Lango'),
(215, 'Lao'),
(216, 'Lao-Soung'),
(217, 'Latvian'),
(218, 'Lezgian'),
(219, 'Limba'),
(220, 'Lithuanian'),
(221, 'Loma'),
(222, 'Lomwe'),
(223, 'Lotuko'),
(224, 'Lozi'),
(225, 'Luba'),
(226, 'Luchazi'),
(227, 'Lugbara'),
(228, 'Luguru'),
(229, 'Luhya'),
(230, 'Luimbe-nganguela'),
(231, 'Luo'),
(232, 'Luri'),
(233, 'Luvale'),
(234, 'Luxembourgish'),
(235, 'Macedonian'),
(236, 'Madura'),
(237, 'Maguindanao'),
(238, 'Mahoré'),
(239, 'Maithili'),
(240, 'Maka'),
(241, 'Makonde'),
(242, 'Makua'),
(243, 'Malagasy'),
(244, 'Malajalam'),
(245, 'Malay'),
(246, 'Malay-English'),
(247, 'Malenasian Languages'),
(248, 'Malinke'),
(249, 'Maltese'),
(250, 'Mam'),
(251, 'Man'),
(252, 'Mandara'),
(253, 'Mandarin Chinese'),
(254, 'Mandjia'),
(255, 'Mandyako'),
(256, 'Mano'),
(257, 'Mantšu'),
(258, 'Maori'),
(259, 'Maranao'),
(260, 'Marathi'),
(261, 'Marendje'),
(262, 'Mari'),
(263, 'Marma'),
(264, 'Marshallese'),
(265, 'Masai'),
(266, 'Masana'),
(267, 'Maya Languages'),
(268, 'Mayo-kebbi'),
(269, 'Mazandarani'),
(270, 'Mbete'),
(271, 'Mboshi'),
(272, 'Mbum'),
(273, 'Mbundu'),
(274, 'Mende'),
(275, 'Meru'),
(276, 'Miao'),
(277, 'Min'),
(278, 'Minangkabau'),
(279, 'Miskito'),
(280, 'Mixed Languages'),
(281, 'Mixtec'),
(282, 'Moba'),
(283, 'Mon'),
(284, 'Mon-khmer'),
(285, 'Monegasque'),
(286, 'Mongo'),
(287, 'Mongolian'),
(288, 'Moravian'),
(289, 'Mordva'),
(290, 'Mortlock'),
(291, 'Mossi'),
(292, 'Mpongwe'),
(293, 'Muong'),
(294, 'Nahua'),
(295, 'Náhuatl'),
(296, 'Nama'),
(297, 'Naudemba'),
(298, 'Nauru'),
(299, 'Ndebele'),
(300, 'Nepali'),
(301, 'Newari'),
(302, 'Ngala and Bangi'),
(303, 'Ngbaka'),
(304, 'Ngoni'),
(305, 'Niue'),
(306, 'Nkole'),
(307, 'Northsotho'),
(308, 'Norwegian'),
(309, 'Nsenga'),
(310, 'Nubian Languages'),
(311, 'Nuer'),
(312, 'Nung'),
(313, 'Nyakusa'),
(314, 'Nyamwesi'),
(315, 'Nyaneka-nkhumbi'),
(316, 'Nyanja'),
(317, 'Nyika'),
(318, 'Orija'),
(319, 'Oromo'),
(320, 'Osseetti'),
(321, 'Otomí'),
(322, 'Ouaddai'),
(323, 'Ovambo'),
(324, 'Ovimbundu'),
(325, 'Paiwan'),
(326, 'Palau'),
(327, 'Pampango'),
(328, 'Pangasinan'),
(329, 'Papiamento'),
(330, 'Papuan Languages'),
(331, 'Pashto'),
(332, 'Persian'),
(333, 'Philippene Languages'),
(334, 'Pilipino'),
(335, 'Pitcairnese'),
(336, 'Pohnpei'),
(337, 'Polish'),
(338, 'Polynesian Languages'),
(339, 'Portuguese'),
(340, 'Punjabi'),
(341, 'Punu'),
(342, 'Punu-sira-nzebi'),
(343, 'Puyi'),
(344, 'Quiché'),
(345, 'Rakhine'),
(346, 'Rapa nui'),
(347, 'Romani'),
(348, 'Romanian'),
(349, 'Romansh'),
(350, 'Ronga'),
(351, 'Rundi'),
(352, 'Russian'),
(353, 'Rwanda'),
(354, 'Saame'),
(355, 'Saho'),
(356, 'Samoan'),
(357, 'Samoan-English'),
(358, 'San'),
(359, 'Sango'),
(360, 'Santhali'),
(361, 'Sara'),
(362, 'Saraiki'),
(363, 'Sardinian'),
(364, 'Sena'),
(365, 'Senufo and Minianka'),
(366, 'Serbo-Croatian'),
(367, 'Serer'),
(368, 'Seselwa'),
(369, 'Shambala'),
(370, 'Shan'),
(371, 'Shona'),
(372, 'Sidamo'),
(373, 'Silesiana'),
(374, 'Sinaberberi'),
(375, 'Sindhi'),
(376, 'Singali'),
(377, 'Slovak'),
(378, 'Slovene'),
(379, 'Soga'),
(380, 'Somali'),
(381, 'Somba'),
(382, 'Songhai'),
(383, 'Songhai-zerma'),
(384, 'Soninke'),
(385, 'Soqutri'),
(386, 'Sotho'),
(387, 'Southern Slavic Languages'),
(388, 'Southsotho'),
(389, 'Spanish'),
(390, 'Sranantonga'),
(391, 'Sumo'),
(392, 'Sunda'),
(393, 'Susu'),
(394, 'Swahili'),
(395, 'Swazi'),
(396, 'Swedish'),
(397, 'Tadzhik'),
(398, 'Tagalog'),
(399, 'Tahitian'),
(400, 'Tamang'),
(401, 'Tamashek'),
(402, 'Tamil'),
(403, 'Tandjile'),
(404, 'Tatar'),
(405, 'Teke'),
(406, 'Telugu'),
(407, 'Temne'),
(408, 'Teso'),
(409, 'Thai'),
(410, 'Tharu'),
(411, 'Tho'),
(412, 'Tibetan'),
(413, 'Tigre'),
(414, 'Tigrinja'),
(415, 'Tikar'),
(416, 'Tiv'),
(417, 'Tokelau'),
(418, 'Tongan'),
(419, 'Tripuri'),
(420, 'Trukese'),
(421, 'Tšam'),
(422, 'Tsonga'),
(423, 'Tswa'),
(424, 'Tswana'),
(425, 'Tujia'),
(426, 'Tukulor'),
(427, 'Turkana'),
(428, 'Turkish'),
(429, 'Turkmenian'),
(430, 'Tuvalu'),
(431, 'Udmur'),
(432, 'Uighur'),
(433, 'Ukrainian'),
(434, 'Ukrainian and Russian'),
(435, 'Urdu'),
(436, 'Uzbek'),
(437, 'Venda'),
(438, 'Vietnamese'),
(439, 'Walaita'),
(440, 'Wallis'),
(441, 'Waray-waray'),
(442, 'Warrau'),
(443, 'Watyi'),
(444, 'Wolea'),
(445, 'Wolof'),
(446, 'Xhosa'),
(447, 'Yalunka'),
(448, 'Yao'),
(449, 'Yap'),
(450, 'Yi'),
(451, 'Yucatec'),
(452, 'Zande'),
(453, 'Zapotec'),
(454, 'Zenaga'),
(455, 'Zhuang'),
(456, 'Zulu'),
(457, '[South]Mande');

--
-- Indici per le tabelle scaricate
--

--
-- Indici per le tabelle `cities`
--
ALTER TABLE `cities`
  ADD PRIMARY KEY (`id`),
  ADD KEY `country_code` (`country_code`);

--
-- Indici per le tabelle `countries`
--
ALTER TABLE `countries`
  ADD PRIMARY KEY (`code`);

--
-- Indici per le tabelle `country_language`
--
ALTER TABLE `country_language`
  ADD PRIMARY KEY (`country_code`,`language_id`) USING BTREE,
  ADD KEY `language_id` (`language_id`) USING BTREE,
  ADD KEY `country_code` (`country_code`) USING BTREE;

--
-- Indici per le tabelle `languages`
--
ALTER TABLE `languages`
  ADD PRIMARY KEY (`id`) USING BTREE;

--
-- AUTO_INCREMENT per le tabelle scaricate
--

--
-- AUTO_INCREMENT per la tabella `cities`
--
ALTER TABLE `cities`
  MODIFY `id` int(11) NOT NULL AUTO_INCREMENT, AUTO_INCREMENT=4080;

--
-- AUTO_INCREMENT per la tabella `languages`
--
ALTER TABLE `languages`
  MODIFY `id` smallint(5) UNSIGNED NOT NULL AUTO_INCREMENT, AUTO_INCREMENT=458;

--
-- Limiti per le tabelle scaricate
--

--
-- Limiti per la tabella `cities`
--
ALTER TABLE `cities`
  ADD CONSTRAINT `city` FOREIGN KEY (`country_code`) REFERENCES `countries` (`code`);

--
-- Limiti per la tabella `country_language`
--
ALTER TABLE `country_language`
  ADD CONSTRAINT `country_code` FOREIGN KEY (`country_code`) REFERENCES `countries` (`code`),
  ADD CONSTRAINT `language_id` FOREIGN KEY (`language_id`) REFERENCES `languages` (`id`);
COMMIT;

/*!40101 SET CHARACTER_SET_CLIENT=@OLD_CHARACTER_SET_CLIENT */;
/*!40101 SET CHARACTER_SET_RESULTS=@OLD_CHARACTER_SET_RESULTS */;
/*!40101 SET COLLATION_CONNECTION=@OLD_COLLATION_CONNECTION */;
